true_label,predicted_prob,predicted_label
1,0.8387311,1
1,0.96129376,1
0,9.6980575e-06,0
0,0.36864308,0
0,0.0007291725,0
1,0.99999833,1
0,0.0009892093,0
0,1.85714e-07,0
0,0.0008417339,0
0,1.9692975e-06,0
1,0.92512196,1
0,0.005379297,0
1,0.94687754,1
1,0.9706946,1
1,0.9999727,1
0,0.08912788,0
0,0.0020664749,0
0,0.004604501,0
0,1.7201248e-05,0
0,0.2215892,0
1,0.987531,1
0,0.0031866464,0
1,0.9823251,1
0,1.3179278e-05,0
0,1.8694988e-06,0
1,0.9944425,1
1,0.99889106,1
1,0.9999887,1
0,0.01051516,0
0,0.008227062,0
0,0.00020968707,0
0,0.0010699858,0
0,0.037175648,0
0,0.00047674216,0
1,0.995989,1
0,0.26086038,0
0,0.017790046,0
0,4.322277e-05,0
0,0.00027507293,0
0,0.054404348,0
0,0.038337003,0
0,0.3954565,0
0,0.006868958,0
0,2.107551e-05,0
1,0.9255625,1
0,0.0034710187,0
0,0.3187555,0
0,3.6579422e-05,0
1,0.95475924,1
0,0.019714538,0
0,1.355357e-05,0
1,0.7319058,1
0,0.21518242,0
0,1.3725804e-07,0
1,0.9992756,1
0,0.000111392226,0
0,0.038751468,0
0,0.10960259,0
0,8.362692e-06,0
1,0.9423818,1
0,0.017927961,0
0,0.002247936,0
1,0.93610466,1
0,2.765724e-07,0
0,0.0016201895,0
0,0.008001957,0
0,0.06248704,0
0,1.1658034e-06,0
0,0.00023664521,0
0,7.482932e-05,0
1,0.99986255,1
0,6.5554474e-07,0
1,0.993568,1
1,0.9998055,1
0,0.00055829633,0
0,0.00020930414,0
0,0.00079472625,0
0,1.6459408e-05,0
0,0.016093003,0
0,0.01591719,0
1,0.99983144,1
0,0.013927484,0
1,0.2029497,0
0,1.1752972e-05,0
1,0.9998223,1
0,0.0017495137,0
1,0.6291304,1
0,2.6201515e-06,0
0,3.1229865e-05,0
1,0.9999974,1
1,0.6850387,1
0,0.023917945,0
0,0.002503037,0
0,0.000104729465,0
1,0.5813699,1
1,0.99999976,1
0,5.369551e-06,0
0,0.0019445784,0
0,0.0015957756,0
1,0.18496646,0
0,4.5734676e-05,0
0,9.972381e-06,0
0,0.044355456,0
0,0.00013796515,0
0,0.0007442346,0
0,8.208072e-05,0
0,8.5247797e-07,0
0,0.00409516,0
1,0.57170844,1
0,0.00015151117,0
0,8.0485925e-06,0
0,0.041782264,0
1,0.9973003,1
1,0.9637267,1
1,0.982666,1
1,0.9999933,1
1,0.97379464,1
0,0.0014062359,0
0,2.160579e-07,0
0,0.013897432,0
1,0.98482114,1
0,3.11516e-06,0
0,0.0011221573,0
0,4.0673402e-07,0
1,0.31109005,0
0,6.991509e-05,0
0,1.1371958e-06,0
0,0.028206201,0
0,5.480032e-06,0
1,0.8165246,1
0,5.3579885e-07,0
0,0.0022057027,0
1,0.99360955,1
1,0.99999964,1
0,6.6964385e-06,0
0,0.00042347683,0
0,4.5225165e-06,0
0,8.236143e-06,0
1,0.9658767,1
0,0.034583304,0
0,1.14158875e-05,0
0,0.0017686487,0
1,0.9994723,1
0,0.020086424,0
1,0.9999068,1
0,5.6626257e-05,0
1,0.9889341,1
1,0.9950748,1
0,1.0756179e-07,0
0,0.05481087,0
1,0.98233426,1
1,0.9966091,1
0,0.6720109,1
1,0.9968875,1
1,0.9517031,1
1,0.9999969,1
0,0.09841606,0
0,0.5283354,1
0,0.07728087,0
1,0.99524397,1
1,0.9993333,1
0,1.3719134e-06,0
0,8.522671e-05,0
0,5.8931346e-05,0
0,1.4183288e-05,0
0,0.028330768,0
1,0.99999905,1
1,0.7375224,1
1,0.9935334,1
1,0.99997604,1
1,0.8965867,1
0,0.013618312,0
1,0.94957703,1
0,0.0017577057,0
1,0.99564594,1
0,3.155083e-05,0
1,0.9974783,1
0,0.06746082,0
0,2.971102e-07,0
0,0.10862181,0
1,0.9602452,1
0,0.02592786,0
0,7.320062e-06,0
0,3.4978905e-07,0
1,0.8197555,1
0,0.04896967,0
0,0.00013679848,0
0,1.6835478e-05,0
0,0.0025527452,0
1,0.99995863,1
0,0.15283042,0
0,2.3797245e-06,0
0,0.0012434782,0
0,0.053680006,0
1,0.9996356,1
0,0.29895952,0
0,9.715044e-06,0
0,3.2311516e-06,0
0,0.023618992,0
0,0.011460274,0
0,0.00051905174,0
0,9.202232e-05,0
0,0.36619118,0
1,0.95009273,1
1,0.9931993,1
1,0.9785518,1
0,0.00017171884,0
0,0.00010742729,0
1,0.9779605,1
0,1.4029845e-05,0
0,0.00022920799,0
0,0.00030171033,0
0,0.20023279,0
1,0.9911889,1
1,0.99985135,1
1,0.99744415,1
1,0.9956528,1
1,0.9999999,1
0,0.0015601865,0
1,0.39235753,0
0,2.1991355e-05,0
0,1.1112926e-05,0
1,0.98696893,1
1,0.84043306,1
0,0.00079570187,0
0,0.0031150887,0
0,0.0042998823,0
1,0.99354845,1
1,0.99960274,1
1,0.93133533,1
1,0.9878719,1
0,0.0030513797,0
0,9.736228e-08,0
1,0.55264324,1
1,0.9442686,1
1,0.99932456,1
1,0.6040382,1
0,0.0053282995,0
0,0.00012632055,0
0,3.198801e-07,0
1,0.9994186,1
0,0.0011296297,0
0,0.0387056,0
1,0.9999969,1
1,0.6277759,1
1,0.9982267,1
0,0.003365923,0
0,0.04130987,0
1,0.9999316,1
1,0.97953427,1
1,0.9999982,1
1,0.9913824,1
0,0.000124131,0
0,1.1601687e-05,0
0,1.8390203e-05,0
1,0.47065625,0
0,7.987367e-06,0
1,0.9763647,1
1,0.9842869,1
0,0.00015734819,0
1,0.27090234,0
0,0.028749175,0
1,0.5963379,1
0,0.00020540097,0
0,0.0031093545,0
0,0.0052776807,0
0,0.002237407,0
0,0.0010817106,0
0,0.045770712,0
0,0.6156957,1
0,1.6731856e-05,0
1,0.9968262,1
0,6.3987926e-07,0
0,0.0003599773,0
0,1.082338e-05,0
0,8.455234e-06,0
0,0.00015404476,0
0,2.9199668e-07,0
0,0.0121965,0
1,0.9998661,1
1,0.8075422,1
0,1.3849266e-05,0
0,4.0962885e-05,0
1,0.9792492,1
0,0.0025563026,0
0,2.5445164e-05,0
0,5.5914525e-06,0
1,0.98279923,1
0,7.499398e-05,0
0,0.040818807,0
0,2.7906108e-05,0
0,1.0596846e-05,0
0,0.015116447,0
1,0.81850755,1
1,0.9997744,1
1,0.9749587,1
0,0.062469274,0
1,0.99999976,1
1,0.95539945,1
1,0.99393576,1
0,0.0010711867,0
1,0.9752907,1
1,0.9998356,1
0,0.08831624,0
0,0.024496617,0
0,0.042828254,0
1,0.6468255,1
0,2.2705308e-05,0
0,0.8845869,1
1,0.99943465,1
0,0.000116755684,0
0,0.00015691173,0
1,1.0,1
0,0.14374146,0
1,0.9608574,1
0,0.0005214128,0
0,1.9942898e-05,0
0,0.036590517,0
0,2.3422861e-05,0
0,2.8276407e-05,0
0,0.004451817,0
0,0.008708552,0
1,0.9984577,1
1,0.99999964,1
0,0.048659243,0
1,0.83505213,1
0,0.060179465,0
0,8.688821e-07,0
0,0.090099484,0
0,0.00070462824,0
0,1.2205542e-06,0
0,4.623158e-08,0
0,0.0032809505,0
0,5.6749604e-07,0
0,3.4301676e-05,0
0,7.864933e-05,0
0,0.16168953,0
1,0.99996173,1
1,0.9927451,1
0,1.234147e-05,0
1,0.6206179,1
0,0.80400217,1
0,1.4018022e-05,0
1,0.98680425,1
1,0.9999957,1
1,0.9751532,1
1,0.9726458,1
1,0.84600496,1
0,0.6387037,1
0,0.0006500423,0
0,0.013594863,0
0,0.027597832,0
1,0.5271736,1
1,0.9751355,1
0,4.742657e-06,0
0,7.081942e-05,0
0,3.3691023e-05,0
1,0.99999774,1
0,0.527515,1
0,0.043883603,0
1,0.95049125,1
1,0.99997365,1
0,0.5251803,1
0,3.3271608e-05,0
0,0.13939045,0
1,0.99999857,1
0,0.080140814,0
0,0.0005464434,0
0,4.8939187e-06,0
0,0.7752712,1
0,0.008022551,0
1,0.8361648,1
0,1.1456939e-05,0
1,0.9752907,1
0,0.00010259645,0
1,0.9999987,1
1,0.7427306,1
1,0.94759214,1
1,0.98561096,1
1,0.858987,1
0,0.00035245574,0
0,1.9262314e-05,0
0,0.24240457,0
1,0.99999845,1
1,0.31304872,0
1,1.0,1
0,0.0022373006,0
0,6.7503884e-06,0
0,0.26320815,0
1,0.9466868,1
1,0.99999905,1
1,0.9679427,1
0,1.3371645e-07,0
0,7.3964457e-06,0
1,0.9893562,1
0,1.669819e-05,0
0,1.5993486e-05,0
0,0.0037457105,0
1,0.9348812,1
0,0.1735286,0
1,0.9326995,1
1,0.874468,1
0,1.624274e-05,0
0,0.00010455285,0
0,0.002438935,0
1,0.9494068,1
0,8.9921334e-05,0
0,0.011834096,0
1,0.99999607,1
1,0.6203025,1
0,1.1279468e-05,0
1,0.9999602,1
0,0.00014387343,0
0,0.006444493,0
0,0.2843636,0
0,0.00012053121,0
0,0.39755523,0
1,0.99836046,1
1,0.9673468,1
1,0.17343546,0
0,0.00063603115,0
1,0.5096242,1
1,0.99911374,1
0,1.0464803e-05,0
1,0.977468,1
1,0.97338593,1
0,0.026855357,0
0,0.01231112,0
1,0.99753606,1
0,0.00013588427,0
0,0.00034415003,0
1,0.6716697,1
0,0.06468052,0
0,0.24746029,0
0,4.89892e-06,0
1,0.9205111,1
1,0.98620516,1
0,0.0005348473,0
1,0.9162242,1
1,0.99981207,1
0,1.2406207e-05,0
1,0.9997242,1
0,2.2946668e-05,0
0,9.1846814e-05,0
1,0.9977647,1
0,6.595038e-05,0
1,0.86582285,1
1,0.9981236,1
1,0.7705408,1
0,1.5345837e-05,0
0,0.00016907945,0
0,3.1214146e-05,0
0,1.3106554e-06,0
0,1.8286077e-07,0
1,0.9996346,1
0,3.5166428e-05,0
1,0.9194977,1
0,0.17598103,0
1,0.9999188,1
0,0.0003841974,0
0,0.00093223975,0
0,0.0002597715,0
0,0.24800417,0
0,9.589562e-05,0
0,3.4395381e-07,0
1,0.9989479,1
0,3.377325e-05,0
1,0.30514285,0
1,0.9999616,1
1,0.98704964,1
1,0.99995995,1
1,0.99911016,1
0,0.043138642,0
1,0.9549279,1
0,0.020180298,0
1,0.99958533,1
1,0.89215463,1
1,0.99963653,1
0,0.07220309,0
1,0.94503045,1
1,0.999181,1
0,0.00015833338,0
1,0.9325245,1
0,0.03599907,0
0,0.026867226,0
1,0.99175996,1
1,0.5610317,1
0,0.0072661377,0
1,0.9795889,1
1,0.33629215,0
0,0.008955315,0
0,0.002086264,0
1,0.9998926,1
0,1.3769965e-06,0
0,2.1549504e-05,0
1,0.996256,1
0,6.1202268e-06,0
1,0.9208893,1
0,0.00554489,0
1,0.8784237,1
0,0.14811799,0
1,0.97030324,1
0,6.202163e-05,0
1,0.99542457,1
0,0.00245337,0
1,0.9983903,1
1,0.99963164,1
1,0.999278,1
0,0.03522029,0
0,0.00036374785,0
1,0.9992424,1
0,0.0052029006,0
1,0.99983895,1
1,0.99995863,1
1,0.55881035,1
0,0.0032007655,0
0,0.4106728,0
0,0.0021369949,0
1,0.28936285,0
1,0.99998915,1
1,0.98523,1
0,0.010185043,0
1,0.99999785,1
0,0.46617144,0
1,0.9756885,1
1,1.0,1
1,0.99475926,1
0,1.3474131e-05,0
0,0.025623426,0
1,0.99998426,1
0,0.6238967,1
1,0.99987257,1
1,0.99933237,1
0,0.002639262,0
1,0.98678905,1
1,0.7375108,1
1,0.9999099,1
1,0.80895954,1
0,1.746576e-06,0
0,1.43210245e-05,0
0,0.003834033,0
0,2.0631665e-05,0
0,0.00010132598,0
0,0.03238719,0
1,0.9995159,1
0,0.014836366,0
1,0.92589194,1
0,0.20008703,0
1,0.82302773,1
0,0.00095215824,0
0,0.0003182686,0
0,0.021966942,0
0,3.2486518e-05,0
1,0.99898535,1
0,0.004297031,0
1,0.98357487,1
1,0.9535031,1
1,0.94314605,1
0,0.06384238,0
0,0.1277268,0
1,0.9872082,1
1,0.99939656,1
0,0.065217145,0
1,0.99998236,1
1,0.9992224,1
0,0.00048385002,0
0,4.4173908e-06,0
0,0.0597102,0
0,1.6404263e-05,0
1,0.99769384,1
0,0.0014313079,0
0,0.007795378,0
1,0.99999976,1
1,0.99977404,1
1,0.8702783,1
0,1.5140119e-05,0
0,5.098688e-07,0
1,0.99998355,1
1,0.2739895,0
1,0.99927706,1
0,0.0006725749,0
0,0.04631079,0
1,0.9266256,1
1,0.9832772,1
0,5.6444085e-05,0
0,6.1933285e-08,0
1,0.9904833,1
0,6.119662e-07,0
0,0.009471222,0
1,0.9385435,1
0,0.002317555,0
0,0.0051964778,0
1,0.917424,1
1,0.99060726,1
0,0.000104641025,0
1,0.9885527,1
1,0.76400995,1
1,0.8608877,1
0,0.0013726674,0
1,0.91610664,1
1,0.9896019,1
0,0.1536881,0
0,3.8438316e-06,0
1,0.9883885,1
0,0.40421203,0
1,0.9999722,1
1,0.99995625,1
1,0.9918045,1
1,0.99970144,1
0,0.03339028,0
0,0.00023625111,0
1,0.9730074,1
1,0.99999654,1
1,0.36482507,0
1,0.99291515,1
0,0.060711104,0
1,0.9916637,1
1,0.9982383,1
0,0.23483637,0
0,0.0007279748,0
1,0.88422805,1
0,0.02422592,0
0,0.0045165606,0
0,2.7222534e-06,0
1,0.9944425,1
0,1.625238e-05,0
0,0.0060869716,0
1,0.34707883,0
0,0.0014110047,0
0,0.00015269495,0
1,0.99925953,1
0,0.0024396414,0
0,0.0031852336,0
1,0.9999614,1
1,0.98950887,1
1,0.99912184,1
0,2.7665614e-05,0
1,0.99991465,1
0,0.015550363,0
0,0.045622844,0
1,0.99431324,1
0,0.0034930164,0
1,0.9941151,1
0,1.498081e-05,0
1,0.9979533,1
0,0.001974899,0
0,0.33831763,0
1,0.97900546,1
1,0.97316045,1
0,0.0014764,0
0,2.190504e-06,0
1,0.9808714,1
0,0.6761509,1
0,1.8005381e-05,0
1,0.9998437,1
0,0.00091992045,0
1,0.9939161,1
0,0.2016746,0
1,0.64547503,1
1,0.97303164,1
0,3.4025002e-06,0
1,0.9999969,1
1,0.9999875,1
0,0.039096057,0
0,8.634018e-05,0
0,0.004882634,0
0,0.0057734544,0
1,0.99735606,1
1,0.48378637,0
0,0.00080338365,0
0,2.0397178e-05,0
1,0.9999949,1
0,0.07500724,0
0,0.36884788,0
1,0.9999949,1
1,0.9990133,1
0,3.629708e-06,0
0,0.0049113636,0
1,0.86517954,1
1,0.99999666,1
0,0.0017417015,0
0,0.001648476,0
0,5.222004e-05,0
0,0.021589743,0
0,0.0012581114,0
0,0.00021484308,0
0,7.640804e-05,0
1,0.9850698,1
0,8.356534e-05,0
0,0.00063064997,0
0,0.0010862206,0
0,0.22292896,0
1,0.999997,1
1,0.99176675,1
0,9.190833e-06,0
0,0.008623265,0
0,0.07925896,0
1,0.9899176,1
0,0.024112357,0
0,0.15545629,0
1,0.9995758,1
1,0.8787481,1
0,0.0014125105,0
1,0.9958977,1
1,0.9785741,1
1,1.0,1
0,7.364926e-06,0
1,0.91871417,1
1,0.97321737,1
0,3.056592e-06,0
0,1.0813703e-05,0
0,0.0056999344,0
0,3.6680203e-06,0
1,0.99998736,1
0,0.01045777,0
1,0.98287547,1
1,0.8681503,1
0,3.974245e-06,0
0,1.2408939e-05,0
0,0.00018677526,0
1,0.89860374,1
0,0.00067750865,0
1,0.9175826,1
0,0.24479564,0
0,0.0029234178,0
0,0.13750252,0
0,6.3547327e-07,0
0,9.815639e-05,0
1,0.9512989,1
0,0.019936487,0
0,0.0010433637,0
0,0.14435238,0
1,0.9899395,1
0,3.896781e-05,0
1,1.0,1
0,0.004068793,0
0,6.7885965e-05,0
0,0.04602289,0
0,0.00092795957,0
0,0.0006225212,0
0,0.11248855,0
1,0.7020997,1
0,1.4153372e-05,0
0,0.00021883112,0
1,0.6641103,1
0,1.5985369e-06,0
0,0.00014761492,0
1,0.99994063,1
1,0.83619535,1
1,0.97671115,1
1,0.9363469,1
1,0.9993618,1
0,1.1847443e-05,0
0,0.00011137587,0
0,8.063324e-05,0
1,1.0,1
0,0.00024881537,0
1,0.93015134,1
0,0.00010250854,0
0,0.03905348,0
0,0.0015034527,0
1,0.999956,1
0,1.2461083e-05,0
1,0.6632267,1
0,1.0984722e-06,0
0,0.17336112,0
0,0.24097297,0
0,2.5176058e-05,0
0,0.20627068,0
1,0.9997793,1
1,0.9319675,1
0,0.004080701,0
1,0.999928,1
0,0.0001327387,0
0,0.13677195,0
0,0.09013193,0
0,3.5958143e-05,0
0,0.4991057,0
0,0.00011444704,0
1,0.99996114,1
1,0.8196042,1
0,0.0005905427,0
0,0.7156974,1
0,0.0015398808,0
1,0.9999205,1
1,0.66021496,1
1,0.9970906,1
0,0.058939822,0
1,0.7050241,1
0,1.6913727e-07,0
1,0.99520385,1
1,0.99385965,1
0,0.55653864,1
1,0.6675149,1
1,0.9840226,1
0,2.5705444e-06,0
1,0.34097007,0
1,0.9904358,1
0,0.0062868507,0
1,0.42792082,0
1,0.7833653,1
0,0.0030618708,0
0,1.2688471e-05,0
0,0.0005292224,0
1,0.9840667,1
0,0.0031899638,0
1,0.36028466,0
0,0.00014889584,0
0,0.014575496,0
0,1.4973862e-06,0
0,1.1937547e-06,0
0,0.028824685,0
0,0.0020465944,0
0,1.1231756e-05,0
1,0.9734846,1
0,0.0029765917,0
0,0.032781135,0
0,0.0024999755,0
0,0.029367583,0
1,0.6116934,1
1,0.95074064,1
1,0.9996375,1
0,0.00045847875,0
1,0.99989414,1
0,0.0003688735,0
0,1.257477e-06,0
0,0.26372164,0
1,0.30139402,0
0,0.0008099909,0
1,0.9996137,1
1,0.97826004,1
1,0.98081446,1
1,0.9999659,1
0,0.00013930706,0
0,0.18032707,0
0,0.12677255,0
0,0.043827698,0
0,0.00022536714,0
0,0.26030403,0
1,0.92192334,1
1,0.9585344,1
1,0.9999865,1
1,0.9883118,1
0,1.2266935e-05,0
0,0.6110745,1
1,0.9903439,1
1,0.62618214,1
0,0.003690233,0
0,2.0918424e-05,0
0,0.00078393397,0
0,0.14813158,0
0,0.00030180698,0
1,0.98340446,1
0,1.4176079e-05,0
0,3.7260068e-06,0
1,0.968633,1
0,0.39966273,0
0,0.00022440248,0
0,2.246861e-07,0
0,1.745825e-05,0
1,0.971056,1
0,3.703446e-05,0
0,0.08661652,0
0,0.00023259921,0
1,0.9867845,1
0,0.004221251,0
1,0.6503312,1
1,0.99349,1
0,5.3121494e-06,0
1,0.9979298,1
1,0.8896829,1
0,0.20566222,0
1,0.9994086,1
0,0.030437917,0
0,0.0006026723,0
1,0.96899647,1
0,0.0010619871,0
1,0.9837315,1
0,0.039785493,0
1,0.99757665,1
0,0.0017353791,0
1,0.9819136,1
1,0.9990907,1
0,0.122366466,0
1,0.9611515,1
1,0.31668478,0
0,0.00045926543,0
0,0.0002667677,0
0,0.0038550121,0
0,5.9327437e-08,0
0,9.707418e-07,0
1,0.4092808,0
1,0.9628112,1
0,0.0011876334,0
1,0.99994564,1
0,0.0069161514,0
1,0.5951776,1
1,0.99883276,1
0,7.081132e-05,0
0,0.00024890908,0
0,0.00043087284,0
0,0.040625084,0
0,0.024967914,0
0,0.044736736,0
0,0.00028923503,0
0,0.05120628,0
0,9.4813586e-05,0
0,0.09606622,0
0,3.1417371e-06,0
1,0.9654889,1
0,0.43033314,0
0,0.71705914,1
1,0.80389565,1
0,0.00043399376,0
1,0.58643967,1
1,0.85585815,1
0,0.00023325793,0
1,0.9280516,1
0,7.0551623e-06,0
1,0.9861733,1
0,6.6553553e-06,0
1,0.9999999,1
0,0.345141,0
0,0.0021516965,0
1,0.90720135,1
0,5.3898805e-07,0
1,1.0,1
0,0.0059144767,0
0,0.008259388,0
1,0.9995777,1
0,0.0045473487,0
0,0.00024364043,0
1,0.99974734,1
1,0.9761881,1
0,0.095057875,0
0,0.07458592,0
0,2.7413907e-05,0
0,0.56921554,1
0,3.4225668e-06,0
0,6.0742805e-05,0
0,0.000889645,0
0,4.3721e-07,0
0,0.008975028,0
0,7.253718e-06,0
1,0.9999937,1
0,0.00022506586,0
0,0.38297367,0
0,9.986697e-05,0
1,0.28682855,0
0,0.6723,1
0,0.004764407,0
0,4.3198583e-05,0
1,0.9053066,1
1,0.9999776,1
1,0.96727854,1
0,7.2894177e-06,0
0,1.548621e-06,0
1,0.9702949,1
0,0.00088933145,0
0,0.00026084663,0
1,0.9909402,1
0,0.0007579727,0
0,0.000112990296,0
1,0.9997826,1
0,0.00033504784,0
0,0.0039803283,0
1,0.9970661,1
1,0.97873724,1
0,0.052463546,0
0,1.6274216e-05,0
1,0.9382278,1
1,0.8054665,1
0,9.254486e-05,0
0,0.087354794,0
1,0.9883287,1
1,0.9595393,1
1,0.844652,1
1,0.4914498,0
0,0.4902998,0
0,0.0003628138,0
1,0.99995196,1
0,0.07960191,0
0,6.654624e-07,0
0,0.00054751296,0
0,0.0016090225,0
0,2.5323037e-05,0
0,0.026204463,0
0,0.017005576,0
0,0.17866552,0
1,0.9653526,1
1,0.9976434,1
0,1.01384285e-05,0
0,0.024278447,0
0,0.0009627522,0
0,1.1169237e-05,0
0,0.031471476,0
0,0.4713057,0
0,0.0043937652,0
0,2.4282529e-06,0
0,0.0054073823,0
1,0.9737627,1
1,0.99999607,1
1,0.97691137,1
0,7.5251366e-05,0
0,3.2462147e-05,0
0,7.2567905e-06,0
0,0.00020829897,0
1,1.0,1
0,0.087553635,0
1,0.9986356,1
1,0.99700445,1
0,0.052814737,0
0,0.00012707611,0
1,0.9996718,1
1,0.971713,1
0,0.0038682665,0
0,0.179003,0
0,0.008049665,0
0,7.751582e-06,0
0,0.0010598949,0
1,0.9999968,1
1,0.99771607,1
0,8.6557175e-06,0
0,2.3314687e-05,0
0,0.703976,1
0,2.4121932e-06,0
0,0.00047653817,0
1,0.9999018,1
0,0.0022849818,0
1,0.13701777,0
1,0.9916174,1
0,0.0019438112,0
1,0.9805101,1
1,0.99871886,1
1,1.0,1
0,0.008109843,0
0,0.42164013,0
0,7.698568e-06,0
1,0.72230595,1
0,0.010130905,0
1,0.9999651,1
0,0.01874094,0
1,0.99935514,1
1,0.9991879,1
1,0.3975198,0
1,0.36549965,0
0,1.1628409e-06,0
0,0.00011156997,0
1,0.9999893,1
0,0.52615094,1
1,0.96693146,1
1,0.98168886,1
1,0.9772963,1
0,5.534677e-05,0
0,0.32702336,0
0,0.00075920596,0
1,0.99998343,1
0,1.0957132e-06,0
1,0.81174535,1
0,0.0007589766,0
0,0.34203166,0
0,0.0007758485,0
1,0.11144909,0
0,0.46019664,0
0,4.7962925e-07,0
1,0.99993765,1
0,0.26921692,0
0,4.1158906e-05,0
0,0.22814746,0
0,0.00013312024,0
0,0.010259593,0
0,7.1807044e-05,0
0,0.0007354677,0
1,0.9835352,1
1,0.9999237,1
0,0.03751863,0
1,0.50182986,1
1,0.9514491,1
0,0.00028774486,0
1,0.99997985,1
0,6.267977e-05,0
1,0.99895334,1
0,8.318982e-06,0
0,0.023800183,0
0,0.20142426,0
1,0.9966832,1
1,0.9998691,1
1,0.9985739,1
0,0.014401092,0
0,0.0003256826,0
0,0.0003382165,0
0,0.0007407897,0
1,0.96118563,1
1,0.9999298,1
0,0.06661712,0
0,6.6508044e-05,0
0,0.0004061983,0
0,3.4426437e-05,0
0,7.7683735e-06,0
0,0.0005031701,0
0,3.1366777e-05,0
0,0.00042612862,0
1,0.9998535,1
1,0.98620296,1
0,0.040629808,0
1,0.87315977,1
1,0.99999976,1
0,0.0012844207,0
0,0.011819707,0
1,0.97221696,1
1,0.9942516,1
1,0.99968195,1
1,0.99948525,1
0,4.4064593e-05,0
1,0.99248147,1
1,0.9993228,1
0,3.0236912e-05,0
0,0.0002150472,0
0,0.13468051,0
0,1.2043067e-06,0
1,0.9469794,1
1,0.99684733,1
0,0.013794378,0
0,0.0007171124,0
1,0.7434289,1
1,0.99996305,1
0,4.2778916e-05,0
0,7.261276e-06,0
1,0.19247077,0
0,0.005388916,0
0,0.08617631,0
0,0.011428166,0
0,0.000107135325,0
0,5.12512e-05,0
0,0.00547789,0
1,0.78054583,1
1,0.9527574,1
0,3.412591e-05,0
1,0.9823521,1
1,0.98786306,1
0,3.533579e-05,0
1,0.9084618,1
0,1.8955096e-05,0
1,0.9943423,1
1,0.99923503,1
0,0.0010419213,0
0,0.0009392224,0
1,0.98826945,1
0,1.9501697e-07,0
0,0.0001545208,0
0,7.1157124e-06,0
1,0.98941797,1
0,3.499541e-05,0
0,0.0071215974,0
1,0.9991748,1
0,0.16675298,0
0,0.0017467212,0
0,3.177857e-05,0
0,0.20854348,0
1,0.9391069,1
0,0.0022626605,0
1,0.8462633,1
0,0.00085649785,0
0,0.051404744,0
1,0.99921715,1
1,0.44155905,0
0,0.014971896,0
0,0.00013993158,0
0,0.0026504227,0
1,0.7581455,1
1,0.99995506,1
0,1.3725267e-07,0
1,0.95822346,1
0,0.0048693693,0
0,0.30559012,0
1,0.99752,1
0,0.0044419034,0
1,0.98689157,1
0,0.0003041226,0
0,0.17279238,0
1,0.16056769,0
0,0.0071291104,0
0,0.0014823349,0
0,0.0006157289,0
1,0.8057175,1
0,0.0073421556,0
1,0.8532146,1
0,0.016656697,0
0,7.276026e-05,0
0,0.19055311,0
0,2.1260603e-05,0
0,5.2948617e-06,0
0,2.9574642e-06,0
1,0.95468456,1
0,0.0013790242,0
0,0.026344195,0
1,0.9999993,1
0,0.0012151918,0
1,0.99999917,1
0,1.6149693e-07,0
0,0.005478768,0
0,0.0020154084,0
1,0.7655124,1
0,6.968952e-06,0
0,9.266717e-05,0
0,0.018441591,0
1,0.999998,1
1,0.96931916,1
1,0.9416814,1
0,0.0011293294,0
1,0.9399272,1
0,0.35500452,0
0,0.021238262,0
0,8.5999425e-05,0
1,0.99993765,1
0,2.2684182e-05,0
1,0.9998155,1
0,7.5582675e-06,0
0,0.007989616,0
0,3.4771132e-05,0
0,0.017394383,0
0,0.1731513,0
0,0.00051328016,0
0,6.0737752e-06,0
0,4.99835e-05,0
1,0.9780903,1
0,0.055510316,0
0,0.0152286,0
0,6.6332155e-05,0
0,0.040634397,0
1,0.10942599,0
0,5.0900194e-06,0
1,0.9520358,1
0,0.22510311,0
0,0.000108075226,0
0,0.00038236135,0
1,0.99817526,1
0,0.0026850943,0
0,0.31850782,0
1,0.99999976,1
1,0.99999857,1
0,0.000226912,0
0,6.7847495e-06,0
1,0.9717002,1
0,0.2554715,0
0,0.00045433975,0
1,0.52946025,1
0,0.7690857,1
0,1.0243302e-06,0
0,0.00033613946,0
0,6.902586e-05,0
1,0.5881102,1
0,0.0050900728,0
1,0.7923617,1
1,0.99999976,1
0,1.0767518e-05,0
1,0.9965384,1
1,0.9182414,1
0,0.00305469,0
0,0.032181893,0
1,0.87823844,1
0,0.02392291,0
1,0.9433893,1
0,0.011137951,0
1,0.98572934,1
1,0.99971384,1
0,1.2575162e-05,0
0,0.008897295,0
0,3.149365e-05,0
1,0.21189828,0
1,0.14549784,0
0,2.3992054e-06,0
1,0.92210907,1
0,0.00056359504,0
0,1.1096774e-06,0
0,0.012445615,0
0,0.07043999,0
0,1.0022204e-06,0
0,6.2038725e-06,0
0,0.0012081389,0
0,0.00046919897,0
1,0.9957837,1
1,0.9985153,1
0,9.917543e-06,0
1,0.9994155,1
0,0.021724876,0
0,0.003988757,0
1,0.999998,1
0,6.0372575e-05,0
0,0.14366756,0
0,0.0003588955,0
1,0.97924167,1
0,0.07779242,0
0,0.06606078,0
1,0.99570614,1
0,8.888698e-06,0
0,0.0016816524,0
0,4.2068914e-05,0
1,0.89721453,1
0,0.0004592269,0
0,0.0014336044,0
0,1.5908172e-06,0
1,0.99998975,1
0,0.16763224,0
1,0.7851252,1
1,0.9991509,1
1,0.82574564,1
1,0.99948275,1
1,0.9994041,1
0,6.151301e-05,0
0,0.6813447,1
0,0.0005094019,0
0,0.0007286654,0
1,0.9975242,1
0,3.0420296e-07,0
1,0.77588993,1
0,0.0023412695,0
1,0.9999999,1
1,0.9980843,1
1,0.9999753,1
1,0.8831141,1
1,0.97123826,1
1,0.9880783,1
1,0.9991499,1
0,1.4907982e-05,0
0,0.07341091,0
1,0.99216825,1
1,0.8168972,1
0,0.0007400358,0
0,1.4533039e-05,0
0,3.1518534e-06,0
1,0.9813265,1
0,0.26688543,0
1,0.9999621,1
0,0.1544058,0
1,0.9975574,1
0,0.008178208,0
1,0.9995192,1
0,0.0015324135,0
1,0.99999523,1
1,0.9972907,1
0,9.2623695e-06,0
1,0.94499445,1
0,0.07148326,0
0,1.6168848e-06,0
1,0.86016077,1
0,0.0008686636,0
0,0.005752998,0
0,9.3759845e-05,0
0,0.0066109193,0
1,0.9975533,1
0,0.0011761666,0
0,0.0008566472,0
0,0.00406659,0
0,0.00073667,0
0,0.002879892,0
0,0.041469228,0
0,0.000707646,0
1,0.99950385,1
0,0.0038110223,0
1,0.99977714,1
1,0.947538,1
1,1.0,1
1,0.9999255,1
1,0.40656742,0
0,0.41335168,0
0,0.0012641299,0
1,0.9418477,1
1,0.9243038,1
0,4.6130874e-05,0
0,2.1056385e-05,0
0,0.00052577874,0
0,0.014629577,0
1,0.9931399,1
0,0.012388498,0
0,1.8524965e-05,0
1,0.998212,1
0,0.000351092,0
1,0.99762374,1
0,5.003071e-05,0
0,0.7020337,1
1,0.44791082,0
0,7.50817e-07,0
0,0.14404313,0
0,1.0682085e-05,0
0,0.0006192485,0
0,0.1457263,0
0,4.3145472e-05,0
0,0.41309884,0
0,0.0045251423,0
1,0.9696361,1
0,0.0019254835,0
0,0.00012620472,0
1,0.8320046,1
1,0.9945862,1
1,0.61310816,1
1,0.9220024,1
0,0.037351176,0
1,0.9210829,1
1,0.9915011,1
0,0.087735504,0
0,0.12850691,0
1,0.99999917,1
0,6.686174e-05,0
0,0.0068765213,0
0,2.8884149e-06,0
0,4.061785e-05,0
0,0.008437006,0
1,0.5332014,1
1,0.99997807,1
1,0.88959664,1
1,0.9976508,1
0,0.00015687448,0
0,0.0016791207,0
0,6.856153e-05,0
1,0.99982786,1
0,0.00043218938,0
0,0.12447402,0
0,1.2573591e-05,0
1,0.9799263,1
0,0.18120122,0
1,0.8887496,1
1,0.99767095,1
0,0.53056914,1
1,0.9994242,1
0,0.029169338,0
0,0.0003283081,0
0,0.22508468,0
0,0.0007710945,0
0,3.883863e-05,0
0,0.0003416994,0
1,0.99999905,1
1,0.99999785,1
0,0.00022992943,0
1,0.9960188,1
1,0.9257905,1
0,0.1144235,0
1,0.99950194,1
0,8.4118307e-07,0
0,0.00022013822,0
1,0.9999969,1
0,3.4950386e-05,0
0,0.6575777,1
0,0.0004483308,0
1,0.97391385,1
0,0.00018778686,0
0,0.00014678513,0
0,1.766564e-05,0
1,0.84877276,1
1,0.850619,1
1,0.9999912,1
0,0.0013635033,0
1,0.8664741,1
0,8.672107e-05,0
0,1.6476448e-05,0
0,0.00096591277,0
0,8.6263324e-05,0
0,7.65385e-05,0
0,0.0070545273,0
0,0.0011302104,0
0,0.02371442,0
0,0.0010963827,0
1,0.54789156,1
1,0.9576787,1
1,0.99997115,1
0,0.00015510774,0
1,0.9998727,1
0,4.3251275e-06,0
0,0.029622253,0
0,0.025058538,0
1,0.99961346,1
1,0.99593914,1
0,0.08043873,0
0,0.0037347476,0
0,0.91469747,1
0,0.00050731754,0
1,0.9999999,1
0,0.010027161,0
0,0.05162625,0
0,3.9078122e-06,0
0,0.0010218526,0
1,0.4216652,0
1,0.9999989,1
1,0.9713661,1
0,0.038618598,0
0,0.00021442806,0
0,0.0006273863,0
0,0.00024854863,0
1,0.4881342,0
1,0.9906459,1
0,6.5463714e-06,0
0,2.2674278e-05,0
0,4.827175e-06,0
1,0.92495275,1
0,1.0520148e-05,0
1,0.98032266,1
0,3.3714784e-06,0
0,2.2532548e-05,0
1,0.9480335,1
0,1.1670421e-05,0
0,0.6881499,1
0,0.00294738,0
1,0.115487404,0
0,0.0019183643,0
0,0.009374679,0
0,0.40332937,0
0,0.040405337,0
0,0.00045700284,0
0,2.3580375e-05,0
0,0.055943016,0
1,0.9784046,1
0,0.00050647394,0
0,2.7940698e-05,0
1,0.7062467,1
0,0.13395658,0
1,0.44521976,0
0,2.921621e-06,0
1,0.9999999,1
1,0.9970618,1
0,0.26155266,0
1,0.7979271,1
0,5.187166e-07,0
1,0.9978788,1
1,0.8228731,1
0,0.00038794242,0
0,0.20553511,0
0,2.2073908e-05,0
1,0.9999882,1
1,0.6953726,1
0,0.0006963737,0
1,0.9797962,1
0,0.02234756,0
1,0.99996376,1
1,0.99999905,1
0,1.2340834e-05,0
1,0.9250718,1
1,0.9515862,1
0,0.0009412451,0
0,3.0441523e-05,0
1,0.86373943,1
1,0.9999995,1
0,0.0008705478,0
0,0.010687968,0
0,0.047986176,0
1,0.78526205,1
0,0.12846842,0
0,5.26058e-05,0
0,0.022241967,0
0,0.0031186414,0
0,0.053123567,0
0,2.7413986e-05,0
0,0.002460583,0
1,0.98061234,1
0,0.0852045,0
1,0.9999224,1
0,6.0211933e-05,0
0,0.007533456,0
0,0.011555437,0
0,2.9580565e-06,0
1,0.99996924,1
0,2.45472e-05,0
1,0.9869441,1
1,0.99999106,1
1,0.96109706,1
0,0.0015075756,0
0,0.000114693605,0
1,0.99998105,1
0,0.14388528,0
0,3.4696873e-06,0
1,0.9999639,1
1,0.9520366,1
1,0.9431523,1
0,3.476682e-05,0
0,0.00012333576,0
1,0.8665854,1
1,0.7446795,1
0,2.7849559e-05,0
0,0.0050450335,0
0,5.0846256e-07,0
0,0.00096815854,0
1,0.9048442,1
0,0.1921708,0
0,0.0006488811,0
1,0.9387043,1
0,0.083545424,0
0,3.7791604e-05,0
0,0.003391488,0
0,8.0068617e-07,0
0,0.113000095,0
0,0.0014011519,0
0,0.017481452,0
1,0.9816766,1
0,1.7408556e-07,0
0,7.4201875e-05,0
0,5.7669193e-05,0
0,0.22340116,0
0,0.00046032568,0
0,0.018245248,0
0,0.002431187,0
0,0.15568925,0
1,0.7636456,1
0,0.00067024195,0
1,0.9997155,1
0,3.4454945e-06,0
0,6.1288483e-06,0
0,0.0010086063,0
0,0.18537255,0
1,0.9937406,1
1,1.0,1
0,0.0012043829,0
1,0.99999785,1
0,0.00024206129,0
0,0.00038649078,0
1,0.9999664,1
0,0.00089238136,0
0,5.124015e-06,0
1,0.95935,1
0,0.28281787,0
0,0.0007643747,0
0,0.0019430261,0
0,0.04985669,0
1,0.996545,1
0,7.3983224e-06,0
1,0.9607449,1
1,0.9956624,1
1,0.9995204,1
0,0.12167392,0
0,0.00091170904,0
0,9.364975e-06,0
0,0.0006785839,0
1,0.8770081,1
0,0.00013538686,0
0,0.00047421223,0
1,0.9480647,1
0,0.0051856283,0
1,0.9972953,1
0,0.00045966444,0
1,0.9998615,1
0,0.006430911,0
0,4.734234e-06,0
0,8.3088504e-05,0
0,0.6423744,1
1,0.9985447,1
0,9.9498444e-05,0
0,1.9848543e-05,0
0,1.4959466e-05,0
0,0.004036402,0
1,0.99997985,1
0,0.0007461954,0
1,0.9990219,1
0,9.696402e-06,0
1,0.9974252,1
0,0.00017398552,0
0,3.1191885e-05,0
1,0.9848488,1
0,0.00012161551,0
0,0.060854394,0
1,0.99829763,1
1,0.9999913,1
0,1.3743826e-05,0
0,0.00049271586,0
1,0.9593199,1
1,0.991891,1
0,3.1590007e-06,0
0,5.501711e-06,0
0,0.012503092,0
0,0.0012987754,0
1,0.9973241,1
0,1.1360813e-05,0
0,1.0875589e-05,0
0,0.03659734,0
0,0.0020766824,0
1,1.0,1
1,0.82041276,1
0,0.0004772298,0
0,0.3559118,0
1,0.9856409,1
0,0.061501328,0
1,0.99989426,1
0,3.2661967e-05,0
1,0.9772,1
1,0.9046385,1
1,0.999998,1
1,0.73108083,1
1,0.9996141,1
0,0.0024129362,0
0,0.0031476875,0
0,0.004601349,0
0,0.0003042099,0
0,0.0031138214,0
0,0.4105854,0
0,0.019488469,0
0,0.014657194,0
1,0.960231,1
0,7.4486143e-06,0
0,0.046107206,0
1,0.9987123,1
0,1.6371367e-05,0
1,0.7680366,1
1,0.47712916,0
0,0.07627226,0
0,0.0032101413,0
0,0.00080989714,0
0,0.0425082,0
0,0.00016693652,0
0,5.054235e-06,0
0,0.00015757249,0
0,0.00016545608,0
0,0.0004949619,0
1,0.9882455,1
1,0.996988,1
1,0.9963672,1
1,0.97638524,1
1,0.4879827,0
0,5.5802016e-06,0
0,0.00017716426,0
0,0.0020462847,0
0,0.0008837343,0
1,0.9952016,1
0,0.010163003,0
1,0.3627894,0
0,0.0002698409,0
0,7.557436e-07,0
0,0.039943367,0
1,0.98926735,1
0,0.00025877284,0
1,0.8222305,1
0,0.0024626628,0
1,0.99999976,1
1,0.24734165,0
1,0.43887597,0
0,0.00038604558,0
0,0.3328335,0
0,0.017754968,0
1,0.18755573,0
0,0.013897013,0
1,0.99181414,1
0,0.0036806804,0
0,0.016569968,0
0,3.2678605e-07,0
0,0.011033788,0
0,0.0002590965,0
0,0.00055630464,0
0,0.024950137,0
0,0.04475,0
1,0.99922717,1
1,0.99118316,1
0,1.9801524e-05,0
0,0.02997329,0
1,0.9959527,1
1,1.0,1
0,0.05320904,0
1,0.9634526,1
1,0.98319757,1
0,4.2365264e-05,0
0,0.13916051,0
1,0.95900637,1
0,0.41328654,0
1,0.9454505,1
1,0.9779139,1
0,0.00014792942,0
0,0.01232116,0
0,4.855139e-06,0
0,6.531199e-05,0
0,0.09709897,0
0,6.735816e-06,0
0,0.001061936,0
1,0.9998443,1
0,2.1994904e-06,0
0,0.012765418,0
1,0.99996936,1
1,0.99948716,1
0,2.0476699e-07,0
0,0.0004725663,0
0,3.6206307e-05,0
0,0.0020282026,0
0,0.0051093865,0
0,0.00010776022,0
0,0.0026448146,0
0,0.00020421503,0
0,1.1140737e-06,0
0,8.9134855e-06,0
1,0.19781667,0
1,0.991295,1
1,0.9403244,1
0,0.00041170715,0
0,0.016518041,0
0,8.902615e-05,0
0,5.2108163e-07,0
0,0.0010930914,0
0,2.876353e-06,0
1,0.9852327,1
1,0.99533,1
0,0.008547385,0
1,0.8755885,1
0,0.008209883,0
1,0.91955525,1
0,0.0033144793,0
1,0.37111253,0
0,3.403754e-05,0
0,0.00014039215,0
0,0.17153984,0
0,1.4579571e-05,0
0,0.010536317,0
1,0.9898628,1
1,0.9996208,1
0,1.8385729e-06,0
0,1.3691724e-06,0
0,0.10487479,0
1,0.913267,1
0,0.00049201725,0
1,0.98135775,1
0,0.0003729842,0
0,1.6731967e-05,0
0,5.359217e-05,0
0,0.112874806,0
1,0.99633646,1
0,0.0022884575,0
0,0.019742591,0
1,0.9991385,1
1,0.16185246,0
1,0.9884621,1
0,0.00010996158,0
0,0.23538888,0
0,0.00039219938,0
0,0.0003495767,0
0,3.1292263e-06,0
0,0.0006904283,0
1,0.999411,1
1,1.0,1
1,0.9912339,1
1,0.9980356,1
0,4.01625e-05,0
1,0.99999857,1
0,0.05396711,0
1,0.9573613,1
0,0.0013487462,0
1,0.9999696,1
1,0.9954053,1
0,2.1880398e-05,0
1,0.115271986,0
1,0.9897709,1
0,3.9822653e-06,0
1,0.999938,1
0,0.014918411,0
1,1.0,1
0,0.038461063,0
0,0.32506233,0
0,0.06680903,0
0,0.02022531,0
1,0.99853206,1
1,0.9804715,1
0,0.6145132,1
1,0.92439854,1
1,0.9998429,1
0,2.0170857e-05,0
1,0.98062104,1
1,0.98824525,1
1,0.7182478,1
0,0.3505957,0
0,9.553682e-05,0
1,0.768255,1
1,0.9920717,1
0,0.00077618426,0
0,0.002745236,0
1,0.45181426,0
0,5.271747e-07,0
0,0.7339126,1
1,0.85009223,1
0,0.00039678792,0
0,5.463672e-05,0
0,0.0022332603,0
0,0.040413804,0
0,0.09098426,0
1,0.9868444,1
0,0.32525185,0
1,0.999736,1
0,6.3840143e-06,0
1,0.9999938,1
0,2.2901808e-05,0
0,1.0259463e-06,0
0,0.0011197361,0
0,4.5163262e-07,0
1,0.9152086,1
0,0.22849108,0
1,0.57412404,1
1,0.9999453,1
0,0.004793481,0
0,0.16408442,0
0,1.7280136e-05,0
1,0.9157896,1
1,0.9722764,1
0,0.00040718692,0
1,0.9802783,1
0,2.5335459e-07,0
0,0.0002793193,0
0,0.070786744,0
1,0.93511134,1
1,0.45044982,0
1,0.9999541,1
0,0.08693265,0
1,0.9962281,1
0,0.01150522,0
1,0.7348316,1
1,0.9553102,1
1,0.23320013,0
1,0.7880084,1
0,0.011115548,0
0,0.00060259417,0
1,0.37442237,0
1,0.518703,1
0,1.8509462e-07,0
0,0.019273004,0
0,4.478623e-05,0
1,0.9974043,1
0,8.8753135e-05,0
0,2.464797e-06,0
0,0.00022916647,0
1,0.54617834,1
0,0.0066105565,0
0,0.36246887,0
1,0.96930516,1
1,0.15830727,0
0,7.232636e-06,0
1,0.99999964,1
0,0.0003476577,0
1,0.9878698,1
1,0.9974989,1
1,0.7980668,1
1,0.99602085,1
0,0.0031122083,0
0,0.00010476642,0
1,0.6369787,1
0,0.0008068714,0
1,0.9992005,1
1,0.9999999,1
1,0.9850114,1
0,0.0004974197,0
1,0.9978568,1
1,0.99999475,1
0,0.2222765,0
0,0.0051887976,0
1,0.9957675,1
0,7.6726676e-05,0
0,0.006052371,0
0,9.263783e-06,0
0,0.26742628,0
1,0.99740607,1
1,0.83107686,1
0,0.00029797212,0
0,1.2580541e-06,0
0,0.002085997,0
0,0.5666251,1
1,0.88012344,1
1,0.9998766,1
1,0.95059496,1
1,0.992767,1
0,0.00018016934,0
1,0.5326899,1
1,0.9230398,1
1,0.8376776,1
0,0.0017340231,0
0,0.000580979,0
0,0.0020185066,0
0,3.4424305e-05,0
0,8.128327e-05,0
1,0.3920415,0
0,0.14636753,0
0,2.9107857e-06,0
1,0.99676716,1
0,0.017866569,0
0,4.4530557e-06,0
0,1.2785402e-05,0
0,1.8240944e-06,0
1,0.6952357,1
1,0.99985445,1
0,0.0002306989,0
0,0.006322376,0
1,0.966594,1
0,0.020248294,0
0,0.00054328196,0
0,3.9708546e-05,0
0,8.996659e-08,0
0,0.0015441917,0
0,2.3570348e-05,0
0,0.13965681,0
1,0.99972767,1
1,0.9876332,1
0,0.0532876,0
0,1.7134378e-06,0
0,3.080249e-07,0
1,0.8179875,1
1,0.99987197,1
1,0.9998462,1
1,0.9999989,1
0,1.0611179e-06,0
0,0.00016356948,0
1,0.9999262,1
1,0.99807703,1
0,0.001557723,0
0,0.0045162924,0
0,2.0424974e-05,0
0,0.038556345,0
0,0.02527639,0
0,0.01314358,0
1,0.9997149,1
0,7.4242644e-07,0
0,1.1493633e-05,0
0,1.7020715e-06,0
1,0.99572974,1
0,0.001306941,0
0,0.0001393699,0
0,0.0049785054,0
1,0.99989593,1
0,0.021338068,0
1,0.79361,1
1,0.65157515,1
1,0.96722746,1
0,8.25511e-06,0
0,0.20691186,0
1,0.9911513,1
0,1.2278756e-05,0
1,0.8689408,1
0,0.26055938,0
0,0.08443368,0
0,0.012527648,0
0,0.0015188567,0
1,0.99985063,1
1,0.9991936,1
0,0.0001805587,0
1,0.7702228,1
1,0.4506347,0
1,0.897472,1
0,0.0010224817,0
1,0.9962359,1
1,0.9507309,1
0,0.10102965,0
1,0.6355621,1
1,0.9986259,1
0,1.6516942e-06,0
0,5.6859146e-05,0
0,4.762309e-07,0
1,0.9999573,1
1,1.0,1
0,9.0742105e-08,0
1,0.6661566,1
0,0.017965756,0
1,0.99987817,1
0,0.0446941,0
1,0.74196255,1
0,0.06248899,0
0,0.0068540233,0
0,0.17662929,0
0,1.4467658e-05,0
0,3.1450192e-05,0
1,0.99991846,1
1,1.0,1
0,0.003334027,0
1,0.99812037,1
0,0.05380433,0
0,0.0369977,0
1,0.9548377,1
1,1.0,1
0,4.867451e-05,0
1,0.9997029,1
1,0.50515974,1
1,0.970311,1
1,0.8369205,1
1,0.9999242,1
0,0.031362955,0
0,0.3122544,0
0,3.722929e-05,0
1,0.9674952,1
0,1.2057869e-06,0
0,0.086531304,0
1,0.99992454,1
0,0.00025501373,0
0,0.0155354645,0
0,0.20276052,0
0,2.5258407e-06,0
0,6.145461e-05,0
0,0.020302817,0
0,0.024012307,0
1,0.99999225,1
1,0.4233755,0
0,3.3015358e-06,0
0,0.28177696,0
0,0.000639281,0
1,0.7537331,1
1,0.524534,1
0,0.0001675495,0
0,0.00012616118,0
1,0.4091528,0
0,0.034161936,0
0,7.3436975e-05,0
1,0.97567266,1
0,0.0025146347,0
0,0.18795589,0
0,0.00051027304,0
1,0.9997845,1
0,0.06315823,0
0,1.2500206e-05,0
1,0.99999094,1
0,1.0077814e-05,0
0,0.0005910889,0
0,7.44593e-06,0
1,0.9814062,1
1,0.59135115,1
0,0.010651646,0
0,0.46991095,0
0,0.0007381995,0
0,0.00039440868,0
0,0.003732254,0
0,2.65438e-05,0
0,0.0045434325,0
1,0.9479126,1
0,0.0005828489,0
0,1.724655e-05,0
0,0.00012767198,0
1,0.9705752,1
0,4.6072396e-06,0
0,0.00038778156,0
1,0.9344506,1
1,0.9882433,1
0,1.5957296e-07,0
1,0.99995005,1
0,0.011655323,0
1,0.99963987,1
0,0.072970144,0
0,0.16564028,0
0,1.7289827e-07,0
1,0.9776963,1
1,0.99941325,1
0,2.8264547e-05,0
0,0.003855779,0
1,0.7875092,1
1,0.99958676,1
1,0.9418235,1
1,0.99715084,1
0,0.00034420777,0
0,1.3911034e-07,0
0,0.00041783325,0
1,0.99998903,1
1,0.999818,1
1,0.9641827,1
0,0.3001432,0
1,0.15626419,0
0,0.00493855,0
0,8.95936e-05,0
1,0.9999647,1
0,0.00047424747,0
0,0.021573624,0
1,0.99986565,1
0,0.0011765861,0
0,1.4368851e-06,0
0,2.7620601e-06,0
0,0.013595349,0
1,0.9999764,1
1,0.9999908,1
1,0.9522174,1
0,0.4807318,0
1,0.96978533,1
0,0.00088980614,0
1,0.966561,1
0,0.027275527,0
1,0.96387243,1
0,0.0030429459,0
0,0.009765793,0
0,1.0118844e-07,0
0,1.8322682e-05,0
1,0.50360286,1
0,6.7814117e-06,0
0,0.010580887,0
0,8.497255e-05,0
1,0.97662383,1
1,0.9663906,1
0,0.000801747,0
1,0.99996495,1
0,0.0016705563,0
1,0.90422565,1
0,0.015607946,0
0,2.468912e-05,0
1,0.9996997,1
0,2.4626022e-06,0
1,0.9981287,1
0,9.755374e-06,0
1,0.99918216,1
0,0.39157096,0
0,7.227616e-06,0
1,0.9987531,1
0,2.469933e-07,0
1,0.9969271,1
1,0.99994254,1
1,0.98124206,1
1,0.94173956,1
0,0.0025587087,0
1,0.9999392,1
0,2.1835125e-05,0
1,0.45755392,0
0,0.009522873,0
0,0.0047258614,0
1,0.9999012,1
1,0.7127941,1
1,0.99998164,1
1,0.87430966,1
0,0.24096091,0
0,0.01211852,0
1,0.99973816,1
0,0.04121418,0
0,0.023708094,0
1,0.95218056,1
0,8.813725e-06,0
0,4.4483633e-05,0
0,0.0018583252,0
1,0.78261155,1
0,2.1774156e-05,0
0,0.0018981294,0
0,0.0003438372,0
0,0.20027068,0
0,7.0804464e-07,0
1,0.99862075,1
1,0.9938862,1
0,4.0368664e-05,0
0,0.00014977684,0
0,1.310508e-06,0
0,8.596077e-06,0
0,8.200695e-05,0
1,0.9910998,1
0,1.0288651e-06,0
0,0.0784836,0
1,0.99234265,1
0,0.00017928882,0
1,0.94556624,1
0,0.004798518,0
1,0.9029085,1
1,0.81093895,1
1,0.9080347,1
0,0.10768398,0
0,0.12527925,0
0,0.0996744,0
0,0.035334665,0
0,1.12708985e-05,0
1,0.9991554,1
0,0.32264206,0
1,0.6612826,1
0,0.0008096363,0
1,0.99636036,1
0,3.8819006e-05,0
0,1.8881171e-07,0
0,1.4648892e-05,0
1,0.7987683,1
1,1.0,1
0,0.0021029466,0
0,0.061298065,0
0,1.841247e-06,0
0,2.1645916e-05,0
0,0.00018623393,0
0,1.0718301e-05,0
0,1.2334759e-07,0
0,8.550928e-06,0
0,0.0005481991,0
0,0.10100932,0
0,0.050571926,0
0,2.2700111e-05,0
0,0.3954116,0
0,9.872098e-06,0
0,1.0183352e-05,0
0,0.0021303755,0
1,0.9984971,1
0,0.005355414,0
0,0.0010665248,0
0,0.048532873,0
0,0.001329101,0
0,8.105609e-06,0
1,0.8949886,1
0,5.407102e-05,0
1,0.9998841,1
0,6.0146754e-06,0
0,0.12295025,0
0,5.2711155e-05,0
1,0.9759842,1
0,0.0010384565,0
0,6.1607236e-05,0
0,2.267782e-06,0
0,7.4693144e-06,0
0,9.496678e-06,0
0,0.0029958654,0
1,0.9716433,1
0,0.003876109,0
0,0.00023510017,0
0,0.0028686898,0
1,0.9998454,1
0,0.0001238809,0
1,0.70530283,1
1,0.99997044,1
1,0.99988425,1
1,0.99890757,1
1,0.3773047,0
1,0.9972373,1
1,0.9999825,1
0,0.0009740861,0
0,0.00052520673,0
1,0.99999964,1
0,1.6540635e-05,0
1,0.99999607,1
0,0.00082345796,0
1,0.9998704,1
1,0.99997616,1
0,1.7190458e-05,0
1,0.94295585,1
0,0.00057642057,0
1,0.7056733,1
1,0.6780636,1
1,0.9744921,1
1,0.96923715,1
0,1.9157853e-05,0
0,0.04787183,0
1,0.9911965,1
0,0.026719302,0
1,0.99834216,1
0,0.00024640406,0
1,0.9660126,1
0,0.020632051,0
1,0.99887115,1
1,0.99999905,1
0,0.0054079364,0
0,1.3293198e-06,0
1,0.25473464,0
1,0.9069661,1
0,0.001439189,0
0,9.9201534e-05,0
0,3.3800763e-05,0
0,0.0010000804,0
0,0.011737956,0
1,0.99985075,1
1,0.42782265,0
1,0.99994826,1
0,0.0010683556,0
0,5.304477e-05,0
1,0.742096,1
1,0.99748343,1
1,0.99977976,1
1,1.0,1
0,1.5979553e-05,0
0,1.6950406e-05,0
1,0.4689386,0
1,0.9813607,1
1,0.91307914,1
0,5.833459e-05,0
0,4.879083e-05,0
1,0.8341497,1
0,0.055574276,0
0,5.842377e-05,0
0,0.385443,0
1,0.98701894,1
0,0.0006383559,0
0,0.0030499818,0
0,0.00029286646,0
0,0.001073784,0
0,0.027051501,0
1,0.9855773,1
0,0.00021096108,0
0,1.1952835e-06,0
0,0.45759904,0
1,0.9999777,1
0,0.0017593848,0
0,3.9366267e-05,0
1,0.9375548,1
1,0.9999826,1
0,1.1930764e-06,0
0,6.709935e-05,0
0,0.32601532,0
0,0.0044724313,0
0,0.0033048796,0
0,0.003146491,0
0,8.687622e-08,0
1,0.99644214,1
1,0.98419684,1
0,4.4468837e-07,0
0,0.00016880463,0
1,0.9970023,1
0,3.0329388e-06,0
0,3.412268e-06,0
0,1.3120244e-07,0
1,0.98887026,1
0,0.00010837161,0
1,0.9998739,1
1,0.9595035,1
0,3.674024e-05,0
0,1.8292927e-06,0
0,0.0001920921,0
1,0.9999795,1
0,0.002463053,0
0,0.27371404,0
0,5.797114e-06,0
0,9.925577e-06,0
0,0.0005461903,0
0,0.0004974048,0
0,3.0045328e-06,0
0,4.228732e-05,0
0,0.11277984,0
0,0.025947075,0
0,0.012045231,0
0,0.024698414,0
0,0.28944996,0
0,5.207334e-05,0
1,0.9609108,1
0,4.0930434e-05,0
0,1.1744416e-06,0
1,0.3240402,0
1,0.43849388,0
1,0.99999046,1
0,0.00011992896,0
1,0.99414283,1
1,0.9999982,1
1,0.3582982,0
1,0.9898726,1
0,6.1059254e-05,0
0,0.00040248907,0
0,0.117777154,0
1,0.99940526,1
1,0.99999976,1
0,4.08e-06,0
0,3.7004134e-05,0
1,0.9926963,1
0,1.00188045e-05,0
0,0.00020597067,0
0,0.094141684,0
1,0.4501555,0
0,0.0003330358,0
0,0.09648368,0
0,0.00049600686,0
0,0.012714338,0
0,0.00073418795,0
0,2.5670002e-05,0
0,0.46575293,0
0,0.0006049691,0
0,3.817048e-06,0
0,0.0018584976,0
0,0.11922706,0
0,1.5766186e-06,0
1,0.96009433,1
0,2.5225957e-06,0
0,1.1206398e-06,0
0,0.11624874,0
0,0.34930217,0
0,0.42751557,0
0,0.00019682194,0
0,8.1920574e-05,0
0,4.1547028e-05,0
0,0.17615297,0
1,0.74394214,1
0,0.0020597589,0
0,0.34664878,0
1,0.99448884,1
1,0.98171866,1
0,0.00015127112,0
0,2.1468173e-05,0
0,0.022983696,0
0,0.007732765,0
1,0.9955521,1
0,8.658846e-06,0
0,0.00587054,0
1,0.99980336,1
0,8.083754e-06,0
1,0.99562365,1
0,6.8010872e-06,0
0,0.00018273805,0
0,2.0205724e-05,0
1,0.9999957,1
1,0.9963129,1
0,5.5777705e-06,0
0,2.4560268e-05,0
0,3.3056474e-06,0
0,0.60544974,1
1,0.9999572,1
0,0.101494394,0
1,0.9999989,1
0,0.029486462,0
0,8.22946e-05,0
0,0.0032262022,0
1,0.9969511,1
1,0.99879813,1
0,6.05135e-05,0
0,1.0120682e-05,0
0,1.1352301e-06,0
0,8.756536e-06,0
0,8.208777e-05,0
1,0.6140248,1
0,6.7342107e-06,0
0,0.019971794,0
0,5.835882e-06,0
0,0.008873284,0
1,0.375977,0
1,0.46297607,0
0,2.1563072e-05,0
0,6.346322e-05,0
0,0.10730751,0
0,0.07656181,0
0,0.01438406,0
0,0.054783825,0
0,3.4926394e-05,0
0,0.0023673356,0
0,0.0883606,0
0,3.1155952e-07,0
1,0.22971074,0
0,0.6259409,1
0,0.00096567493,0
1,0.99714905,1
0,0.004912258,0
0,0.0002404562,0
0,0.00033836858,0
0,0.009849075,0
0,8.061632e-05,0
0,0.0006619952,0
0,0.044663306,0
0,0.023214284,0
0,0.28433025,0
1,0.9999963,1
0,7.782895e-05,0
1,0.99834096,1
0,0.0056019104,0
0,0.000104573686,0
0,0.0043025124,0
0,0.0074088536,0
0,0.0061179553,0
0,0.014863279,0
1,0.7301251,1
1,0.20504513,0
1,0.98234403,1
0,0.011352383,0
1,0.4106527,0
0,0.010930908,0
0,5.0193526e-06,0
1,0.8711734,1
1,0.99999523,1
0,0.0007193311,0
0,8.195643e-06,0
0,3.6504116e-06,0
0,0.00066493324,0
0,1.7138711e-07,0
0,0.03145606,0
0,0.09184564,0
1,0.317882,0
0,0.002557672,0
0,2.3214184e-07,0
1,0.89850944,1
0,0.010564969,0
1,0.99992406,1
0,0.0032613983,0
0,1.208489e-05,0
0,0.06415289,0
1,0.9981865,1
0,1.1220001e-06,0
0,0.19128579,0
1,0.9886606,1
0,0.25385445,0
0,0.024048224,0
0,0.012578036,0
0,0.0039617,0
0,0.34772182,0
0,9.636496e-05,0
0,0.0015196017,0
0,0.39078772,0
0,3.5332152e-05,0
0,3.0948508e-05,0
0,0.00011679589,0
0,0.72248805,1
0,0.0018028481,0
1,0.99982786,1
0,0.0023497373,0
0,0.03813482,0
0,8.23619e-06,0
0,0.018221032,0
0,0.05324023,0
0,0.00040062563,0
0,0.092685215,0
1,0.9971475,1
0,0.0041716783,0
0,5.8598175e-07,0
0,0.021028422,0
0,1.9194201e-06,0
0,0.028743545,0
0,0.10765308,0
1,0.99313676,1
1,0.36268136,0
0,0.280586,0
0,0.00030453317,0
0,0.003925856,0
0,2.0942736e-05,0
0,0.008060943,0
0,0.011300629,0
1,0.7993451,1
0,3.9190294e-05,0
1,0.49067038,0
0,0.004538518,0
1,0.47758844,0
1,0.99880314,1
0,0.74392575,1
1,0.99997056,1
0,2.3583007e-05,0
1,0.99999964,1
0,0.3337133,0
0,0.000681628,0
1,0.99892837,1
0,0.09279559,0
0,0.024501413,0
0,1.0448551e-06,0
1,1.0,1
1,0.9999124,1
0,1.2468408e-06,0
0,0.016269073,0
0,0.0026462474,0
0,5.3174983e-05,0
1,0.9999821,1
1,0.9999999,1
0,2.209346e-06,0
1,0.99898094,1
0,4.2260363e-06,0
0,1.4981269e-05,0
1,0.9996997,1
1,0.9999988,1
0,4.60413e-06,0
0,0.003557644,0
0,0.00025562523,0
1,0.4321439,0
1,0.351649,0
0,0.00023734069,0
0,0.013873314,0
0,5.6505573e-06,0
0,0.34125802,0
0,0.107150614,0
0,0.0060674665,0
0,4.2655807e-05,0
1,0.9925619,1
1,0.9999325,1
0,7.051846e-06,0
1,0.9088635,1
0,0.008493222,0
1,0.99989855,1
1,0.98489237,1
0,4.5869055e-07,0
1,0.78540266,1
1,0.99380034,1
1,0.36463115,0
1,0.11206202,0
1,0.34765574,0
1,1.0,1
1,0.90540206,1
0,2.1840413e-05,0
0,0.08246862,0
0,0.013839848,0
0,0.0014185538,0
0,0.04137169,0
0,0.22179548,0
0,3.1547097e-05,0
0,0.07861105,0
1,0.9538501,1
0,6.749441e-05,0
0,0.00025847496,0
0,1.1408935e-06,0
0,0.004267588,0
0,0.01306894,0
1,0.9936505,1
0,0.042015314,0
0,1.3789711e-05,0
0,6.408414e-06,0
0,0.19472672,0
0,0.00067048275,0
1,0.9969258,1
0,0.06548308,0
1,0.9970874,1
0,0.00026985016,0
0,6.4179426e-06,0
1,0.9999968,1
0,6.954664e-05,0
1,0.9512095,1
0,3.7378086e-06,0
0,0.019931728,0
0,0.0055581527,0
1,0.99999654,1
0,0.00057964347,0
0,0.1263663,0
1,0.9892729,1
0,5.4831202e-05,0
0,5.785361e-05,0
0,0.041657966,0
0,4.1320938e-05,0
0,0.041856166,0
0,1.6902657e-05,0
0,0.0020846198,0
1,0.99999464,1
0,0.008731453,0
1,0.9851304,1
1,0.998917,1
1,0.49278337,0
0,0.13651581,0
0,1.3995257e-06,0
0,4.7911357e-07,0
0,0.00011429598,0
0,7.7921104e-05,0
1,0.90170854,1
0,0.00093755446,0
0,0.0025642435,0
0,0.00031343414,0
0,0.017668232,0
1,0.9845622,1
1,0.9336351,1
0,0.26841867,0
0,0.000992052,0
0,0.00086960517,0
1,0.98153424,1
0,2.4431238e-06,0
0,0.0118842805,0
1,0.9981857,1
1,0.97613585,1
0,3.7149897e-07,0
1,0.96782994,1
0,0.0001301694,0
0,1.357198e-06,0
1,0.9937516,1
0,0.00089687266,0
1,0.38240364,0
0,2.1991916e-07,0
0,9.66746e-07,0
0,0.00022612931,0
0,1.4140178e-05,0
0,6.1535e-07,0
0,0.018349562,0
1,0.99998987,1
0,0.0017384298,0
1,0.63139606,1
1,0.99999404,1
1,0.99997413,1
0,0.00041861465,0
0,0.0020787348,0
0,4.8377196e-06,0
0,2.2114982e-06,0
0,0.14701465,0
0,0.1283298,0
1,0.30779892,0
1,0.99999857,1
0,9.350874e-06,0
1,0.99631727,1
0,0.001532569,0
0,0.14596441,0
1,0.9818397,1
0,0.0008491615,0
0,0.0003544676,0
1,0.9999299,1
0,0.009393242,0
1,0.94027203,1
0,0.2942904,0
0,2.8387807e-05,0
0,1.3584108e-05,0
0,0.00035108632,0
0,2.905234e-07,0
1,0.9884116,1
0,0.0050390223,0
1,0.9177991,1
1,0.99046576,1
0,0.00021193972,0
0,7.639886e-05,0
0,8.142713e-06,0
0,8.122277e-06,0
0,0.015076927,0
0,4.909204e-06,0
0,2.134812e-06,0
0,0.0010108665,0
1,0.9999982,1
0,0.0018431094,0
1,0.47340778,0
0,6.8273155e-05,0
0,0.0006367845,0
0,0.00014182796,0
1,1.0,1
0,0.00129692,0
0,5.40133e-05,0
1,0.9999999,1
1,0.9673073,1
1,0.9998447,1
0,0.0048468723,0
0,5.6945764e-06,0
1,0.9992235,1
1,1.0,1
0,1.1377143e-06,0
1,0.6535305,1
1,0.99289894,1
0,0.043057192,0
1,0.9578806,1
1,0.8226022,1
0,1.7139216e-06,0
1,0.89114994,1
0,8.657508e-06,0
1,0.61655986,1
1,0.9383435,1
0,5.2862617e-08,0
1,0.9999956,1
0,0.0018174388,0
0,0.0008983904,0
0,0.044520274,0
1,0.99773955,1
0,0.0006507142,0
1,0.99994576,1
0,5.7471665e-05,0
0,0.38935065,0
0,1.7776925e-05,0
1,0.7535986,1
1,0.9824457,1
0,8.251817e-05,0
0,3.3344124e-05,0
1,0.99888283,1
1,0.9999956,1
0,0.42765036,0
1,0.99996805,1
1,0.9999999,1
0,0.0149554135,0
0,1.0187907e-05,0
1,0.992308,1
1,0.9996929,1
0,0.00017389879,0
1,0.9726035,1
0,0.024952434,0
0,0.0066162106,0
0,0.0061151637,0
0,0.2566876,0
0,0.22230142,0
1,0.8817122,1
0,0.13537979,0
0,0.6375952,1
0,0.00018842789,0
0,0.58752984,1
1,0.93581873,1
1,0.7867041,1
0,3.2875075e-06,0
0,2.1343609e-05,0
1,0.91866565,1
1,0.5314917,1
1,0.73976386,1
0,0.0003965444,0
0,0.002117459,0
1,0.997623,1
1,0.9999801,1
1,0.87903774,1
1,0.2246648,0
0,0.00019115224,0
0,3.207072e-05,0
0,2.137391e-06,0
1,0.99099064,1
0,3.3167384e-05,0
1,0.7097879,1
0,0.0001300338,0
0,0.014776437,0
0,9.645479e-07,0
0,6.393044e-05,0
0,1.798248e-06,0
0,0.0024195253,0
1,0.9892755,1
0,0.005838496,0
1,0.42913085,0
1,0.9793626,1
0,0.5315056,1
1,0.5365463,1
1,0.9908743,1
0,0.20359035,0
1,0.99977034,1
0,0.07317488,0
1,0.97938377,1
0,0.0030768367,0
0,1.851264e-05,0
0,0.0028313056,0
1,0.99999344,1
1,0.86181754,1
0,6.824881e-05,0
0,2.9122299e-05,0
1,0.9999999,1
1,0.99454194,1
1,0.99999785,1
0,0.25758964,0
0,0.49283513,0
0,0.00019243456,0
0,0.0006561568,0
0,0.0002747432,0
1,0.98141986,1
1,0.9981546,1
1,0.63030136,1
0,0.16406511,0
0,6.6837424e-06,0
1,0.92243356,1
0,7.465177e-06,0
0,1.4668973e-06,0
0,2.6611108e-06,0
0,1.542273e-05,0
0,1.811689e-05,0
0,0.19639906,0
0,0.0016306528,0
1,0.9999981,1
1,0.63073266,1
0,0.043193493,0
0,0.030136943,0
1,0.9926359,1
0,1.7963113e-06,0
1,0.99958926,1
0,2.8556395e-05,0
1,0.9987124,1
1,0.9999205,1
1,0.9998691,1
0,0.015088309,0
1,0.99999666,1
0,0.010503821,0
1,0.7509152,1
1,0.91129726,1
0,0.00057291944,0
0,0.0004966548,0
0,0.12972201,0
0,0.00057216035,0
0,0.00010377334,0
0,3.5887854e-07,0
0,0.0021157276,0
0,0.05504784,0
0,0.04401789,0
0,0.23343064,0
0,0.2916238,0
1,0.9981218,1
0,7.863013e-05,0
1,0.71856284,1
0,0.19413379,0
0,0.0054027783,0
1,0.9996177,1
0,1.6302066e-06,0
1,0.9977254,1
0,0.00052671623,0
1,0.96250784,1
0,0.00042730666,0
0,6.3679977e-06,0
0,0.00082333357,0
1,0.9944084,1
0,8.08441e-06,0
1,0.9999231,1
1,0.9999906,1
1,0.5819528,1
1,0.9999999,1
1,0.99431735,1
0,0.14213759,0
1,0.7786893,1
1,0.9996294,1
1,0.91854835,1
1,0.9999609,1
0,0.042028982,0
0,0.0007157268,0
0,0.009266148,0
0,0.11639594,0
0,0.011502693,0
0,0.003066322,0
0,0.00063084596,0
0,0.00031515918,0
1,0.9016053,1
0,3.3695298e-05,0
0,0.00019759513,0
0,0.00026530112,0
0,2.9831116e-07,0
1,0.99999964,1
1,0.93321425,1
1,0.9999949,1
0,0.039539013,0
1,0.936456,1
1,0.9901496,1
1,0.97471344,1
0,1.6094316e-05,0
1,0.9997253,1
1,0.99997866,1
0,0.0013114592,0
0,5.948873e-07,0
0,2.59384e-05,0
0,2.0569487e-05,0
1,0.49228325,0
0,0.055947077,0
0,0.006125823,0
0,1.1025833e-06,0
1,0.9970837,1
1,0.7122479,1
1,0.99968207,1
0,6.628947e-05,0
0,0.019755645,0
0,0.015474605,0
0,0.00045868923,0
0,8.366277e-05,0
0,0.00029535787,0
0,0.116157904,0
0,1.7758613e-06,0
0,0.0075242105,0
0,3.3629815e-06,0
0,3.8536324e-05,0
1,0.9982502,1
0,0.38931754,0
0,3.2051937e-06,0
1,0.8625221,1
0,0.031871285,0
0,0.0011458872,0
0,4.178662e-06,0
1,0.9741784,1
0,4.5049094e-07,0
0,0.013327129,0
1,0.9928625,1
0,0.0012367984,0
0,7.677615e-05,0
0,1.0811372e-05,0
0,0.19719361,0
0,2.474618e-07,0
0,6.756847e-05,0
0,0.0008421824,0
0,0.00018404955,0
1,0.99666107,1
0,0.01146289,0
1,0.99957687,1
0,0.02311112,0
0,5.9636946e-05,0
0,1.0106225e-05,0
1,0.9868952,1
1,0.98983395,1
1,0.99999964,1
0,6.366531e-05,0
0,0.004659894,0
1,0.9915325,1
0,0.00039372535,0
0,0.12683955,0
0,0.04322896,0
0,1.4450241e-07,0
1,0.99242556,1
1,0.9821389,1
1,0.9507527,1
1,0.9998622,1
0,2.2660053e-05,0
0,0.267946,0
1,0.99610823,1
1,0.8320935,1
1,0.9826418,1
0,0.045152437,0
0,0.010739737,0
0,3.2008682e-06,0
0,0.0019678615,0
0,0.57163686,1
1,0.8998018,1
1,0.98581207,1
1,0.1803336,0
0,1.0143216e-05,0
0,5.0443537e-06,0
1,0.9991097,1
0,5.525341e-06,0
1,0.24053039,0
0,1.4197751e-06,0
0,8.454312e-05,0
1,0.8917678,1
1,0.8511182,1
1,0.8722679,1
0,0.0030459461,0
0,0.002769294,0
0,0.00030577107,0
0,4.736961e-05,0
1,0.5470401,1
0,1.4429929e-07,0
0,0.057284135,0
0,0.13728155,0
0,0.0016673553,0
0,0.00022226648,0
1,0.9596284,1
1,0.21901715,0
0,2.5617766e-05,0
1,0.99990034,1
0,4.3838343e-05,0
0,0.0036227214,0
0,0.0002613642,0
1,0.9991702,1
0,3.7721793e-07,0
0,0.025082512,0
0,0.07218479,0
1,0.77086,1
1,0.91587347,1
1,1.0,1
0,0.0002809991,0
0,8.1729566e-05,0
1,0.99995947,1
1,0.9937562,1
0,6.6946127e-06,0
1,0.99993765,1
0,3.716769e-07,0
1,0.999729,1
0,4.5085035e-06,0
1,0.99184364,1
0,1.4129717e-05,0
1,0.9974577,1
1,0.9999976,1
1,0.9999846,1
1,0.99985623,1
1,0.9310425,1
0,0.22953369,0
0,1.4076081e-05,0
0,0.0020219523,0
0,1.4520199e-06,0
1,0.94882494,1
0,0.00011246937,0
0,2.2672504e-05,0
0,0.0020397622,0
0,0.00011698995,0
1,0.7003702,1
0,6.2066894e-05,0
0,0.023766505,0
0,1.7653717e-06,0
0,0.0014487596,0
1,0.999509,1
1,0.89042366,1
0,0.00017259576,0
0,1.17851505e-05,0
1,0.98911357,1
0,0.17979573,0
1,1.0,1
1,1.0,1
1,0.99992347,1
0,0.0057627787,0
1,0.9401348,1
0,1.9288416e-05,0
0,8.8682245e-06,0
0,1.714764e-05,0
0,7.0766314e-06,0
1,0.76998305,1
0,7.3528354e-05,0
1,0.79546404,1
1,0.951206,1
0,0.3675857,0
0,0.008524488,0
0,0.0022746117,0
0,1.4843066e-05,0
0,1.7922279e-05,0
1,0.9993338,1
0,2.4956305e-05,0
0,0.00056705024,0
0,0.0055560526,0
1,0.9412665,1
0,0.06673044,0
0,0.00045937445,0
1,0.7264215,1
0,0.0002132565,0
1,0.991227,1
0,0.000510087,0
0,0.010572409,0
0,0.00012250963,0
0,0.026550176,0
0,0.0004006957,0
0,0.34093314,0
0,0.00027190798,0
0,0.0034320268,0
0,0.0007751487,0
1,0.9733576,1
1,0.97085834,1
1,0.96889335,1
0,7.4785094e-06,0
0,2.1298947e-06,0
1,0.9610943,1
0,0.015207754,0
1,0.46428514,0
0,0.018946396,0
1,0.99729913,1
0,0.37847316,0
0,0.007716526,0
0,0.00016134213,0
0,0.0063219205,0
0,0.0019405772,0
1,1.0,1
0,0.0010466899,0
0,2.3970144e-06,0
0,4.9519454e-05,0
0,3.9646115e-05,0
0,3.707999e-07,0
0,0.06824623,0
0,0.0001349077,0
0,0.0102973655,0
1,0.64506376,1
1,0.47333705,0
1,0.83422583,1
1,0.93979424,1
0,0.0014221871,0
1,0.9858678,1
0,0.0015999724,0
0,0.0040824884,0
0,1.3015257e-05,0
0,0.0046037473,0
0,2.93953e-06,0
0,0.00068183424,0
1,1.0,1
0,2.6765088e-07,0
0,6.684125e-06,0
1,0.9933396,1
1,0.3977453,0
0,0.0005770835,0
0,0.0009423938,0
0,0.19359165,0
0,0.00047498263,0
0,0.37904963,0
0,0.16734242,0
0,1.2041413e-06,0
1,0.95886695,1
1,0.99982953,1
0,0.027867112,0
0,0.0001550616,0
0,1.6492263e-06,0
0,3.923204e-06,0
0,0.0018827548,0
0,0.000647195,0
0,0.0032887268,0
0,1.726531e-05,0
0,2.1227073e-05,0
0,2.442957e-05,0
1,0.9914655,1
1,0.86941653,1
1,0.99996257,1
1,0.99964106,1
0,9.550737e-06,0
1,0.9896515,1
1,0.99999976,1
1,0.9948719,1
1,0.9876836,1
0,5.7285597e-06,0
1,0.91245383,1
0,4.1442104e-06,0
1,0.97848046,1
0,0.00033644823,0
1,0.9990613,1
0,1.7596551e-06,0
0,0.00055950374,0
1,0.99947566,1
1,0.48431394,0
0,0.00089499546,0
0,0.070359565,0
0,0.00031731636,0
0,1.6397742e-05,0
0,5.1112194e-05,0
1,0.3594648,0
0,2.8396227e-05,0
0,1.0689423e-05,0
1,0.9999994,1
1,0.73528033,1
0,2.0669663e-07,0
1,0.9812794,1
1,0.99426585,1
0,0.00011014816,0
1,0.9937371,1
0,2.8281647e-07,0
0,9.0839894e-05,0
0,0.0059371167,0
0,0.020344153,0
0,0.0015776003,0
1,0.985656,1
0,1.9210509e-05,0
0,4.4925704e-07,0
0,0.09606615,0
0,0.5558815,1
1,0.99755126,1
1,0.99341834,1
1,0.9858431,1
0,0.19642295,0
1,0.9998729,1
1,0.952087,1
0,0.00014490771,0
1,0.9643775,1
1,0.99539787,1
0,0.22897355,0
0,7.101562e-05,0
1,0.9981331,1
1,0.9994293,1
1,0.9948836,1
1,0.9729561,1
0,0.010077288,0
0,0.051910013,0
0,1.0289524e-05,0
0,4.1620628e-05,0
0,0.02100012,0
0,0.00420064,0
0,0.07529906,0
1,0.992183,1
1,0.9926434,1
0,0.00019403861,0
1,0.9819749,1
0,8.489023e-06,0
1,0.9590384,1
0,1.3532801e-05,0
1,0.9987233,1
0,0.0031141364,0
0,0.0012472633,0
1,0.9986412,1
0,0.7869669,1
0,0.0011418001,0
1,0.8940855,1
0,1.9653651e-05,0
0,0.0046178983,0
0,3.0013884e-06,0
0,0.035455875,0
0,2.6147693e-05,0
0,0.0019774316,0
1,0.8542027,1
0,0.3434251,0
0,1.2873022e-06,0
1,0.9727367,1
0,1.49565e-05,0
0,0.16329847,0
0,1.0670428e-05,0
1,0.9998779,1
0,0.00042591098,0
0,0.24144526,0
0,4.3149586e-05,0
1,0.44547436,0
1,0.72763383,1
0,5.1638385e-06,0
0,0.039525673,0
0,0.08323122,0
0,0.005474535,0
1,0.99067664,1
0,0.0039686905,0
0,0.00017533968,0
1,0.73937774,1
0,6.8627465e-05,0
0,0.0021308844,0
0,3.849554e-06,0
0,0.0009830086,0
1,0.9947925,1
0,0.00013502521,0
0,0.00030452473,0
0,0.0014979757,0
1,0.9820603,1
1,0.9482114,1
1,0.9998667,1
0,0.0014372325,0
0,0.002897161,0
1,1.0,1
1,0.912068,1
0,0.00043928335,0
1,0.9989774,1
1,0.8861053,1
1,0.67509747,1
0,0.0044311876,0
0,2.5773907e-06,0
1,0.9526137,1
0,0.0658508,0
1,0.7006232,1
1,0.99998116,1
1,0.81470394,1
0,0.0006409829,0
0,1.3067092e-05,0
0,0.005692305,0
0,0.013731551,0
0,5.9951986e-07,0
1,0.9984225,1
0,3.0460315e-05,0
0,5.055458e-05,0
0,0.048201572,0
1,0.9833243,1
1,0.97453904,1
1,0.8736183,1
1,0.99973327,1
1,0.8259005,1
0,0.02414375,0
1,0.9999573,1
0,0.048268884,0
1,0.9042108,1
0,3.4336073e-05,0
0,0.031305496,0
0,0.03157058,0
0,0.0012642937,0
1,0.9992399,1
1,0.99777764,1
0,7.4711315e-05,0
0,1.7240495e-06,0
1,0.7679473,1
0,0.00033769265,0
0,7.2532e-05,0
1,0.3295125,0
0,9.690024e-06,0
0,1.4576581e-07,0
1,0.99999535,1
0,0.0015599013,0
0,3.6133522e-05,0
1,0.9999999,1
0,0.3421993,0
0,0.00013935847,0
0,5.1852174e-07,0
1,0.80481905,1
0,0.00025125075,0
1,0.99916065,1
1,0.98070234,1
1,0.9997905,1
0,1.6789927e-05,0
0,0.0022236218,0
0,6.4014814e-05,0
1,0.9630201,1
0,0.15187009,0
1,0.99829954,1
1,0.93463385,1
1,0.99984014,1
0,0.03813386,0
0,0.48248008,0
1,0.6281411,1
0,0.00085761177,0
0,1.47089195e-05,0
1,0.9997397,1
0,4.801052e-06,0
1,0.99999845,1
0,0.00017760198,0
0,0.032513235,0
0,0.00026651268,0
0,2.9902669e-05,0
0,5.7036297e-05,0
0,2.8596429e-05,0
1,0.99987006,1
0,0.006009742,0
0,0.00020949023,0
1,0.9392545,1
0,0.00013145694,0
1,0.98985744,1
0,0.41534686,0
0,0.14158206,0
0,0.0014992922,0
1,1.0,1
1,0.7253851,1
1,0.9888981,1
1,0.9913386,1
0,0.0073941825,0
1,0.9999411,1
1,0.973293,1
0,0.50804764,1
1,0.9968317,1
0,6.528043e-06,0
0,0.00010403669,0
0,0.00029276038,0
1,0.9926351,1
1,0.9982315,1
0,1.1658853e-05,0
0,0.086401395,0
0,6.698479e-05,0
0,4.837987e-07,0
0,0.030898035,0
1,0.9998318,1
0,0.00026928063,0
1,0.92605764,1
0,4.8488917e-05,0
0,0.59491855,1
1,0.9877637,1
0,2.4730452e-05,0
0,0.0020670246,0
0,1.0256165e-05,0
1,0.9948047,1
0,3.1451575e-05,0
1,0.9993161,1
0,0.00011411575,0
0,1.7507035e-07,0
1,0.97585166,1
0,7.772504e-05,0
0,5.350875e-07,0
1,0.85940266,1
0,3.0487902e-06,0
0,1.3217541e-05,0
0,0.6830738,1
1,0.9957248,1
1,0.999946,1
0,2.5365773e-07,0
0,0.00064415694,0
0,0.004704591,0
0,1.8299372e-05,0
0,0.06520287,0
1,0.99188656,1
1,0.9870964,1
1,0.99210197,1
1,0.999025,1
1,0.9929924,1
0,0.009485579,0
0,1.6869363e-07,0
0,0.009201259,0
0,3.2739368e-05,0
1,0.74126166,1
0,0.11040407,0
0,0.00012564397,0
0,2.7435275e-05,0
0,0.0008688531,0
1,0.9999993,1
1,0.99915266,1
0,0.00023245999,0
0,0.64791036,1
0,0.00023059422,0
1,0.24801035,0
1,1.0,1
1,0.99628675,1
0,0.0049884766,0
0,0.085139595,0
0,0.45449278,0
0,0.0003565054,0
1,0.85543686,1
0,0.0050678975,0
1,0.9660063,1
1,0.9946392,1
1,0.99390185,1
0,0.21469913,0
1,0.91784686,1
1,0.9997323,1
0,0.0018985838,0
1,0.99753237,1
1,0.9404522,1
1,0.9999746,1
1,0.9489307,1
0,4.3132763e-06,0
0,0.00090578437,0
0,2.2123073e-05,0
1,0.8077696,1
0,2.904666e-05,0
1,0.94880533,1
0,1.5577629e-05,0
0,7.274868e-05,0
1,0.9256347,1
1,0.9847589,1
0,0.027798302,0
0,0.00038133626,0
1,1.0,1
1,0.99958926,1
0,0.06883434,0
0,5.8515366e-06,0
0,4.8707294e-05,0
0,2.0434925e-06,0
0,0.0036283128,0
0,0.053106442,0
1,0.46057397,0
0,0.00038681662,0
0,0.029785179,0
0,0.009609634,0
1,0.99976355,1
1,0.99906224,1
0,0.111760914,0
0,0.0140374955,0
0,2.1383248e-06,0
0,0.33893028,0
1,0.999969,1
0,0.0017847227,0
1,0.9998623,1
0,0.005391761,0
1,0.98660487,1
0,0.36446026,0
0,0.2613531,0
1,0.9996315,1
1,0.9979365,1
0,0.00028748545,0
1,0.99999976,1
1,0.8873451,1
0,0.00015279283,0
1,0.98415196,1
0,7.6324875e-05,0
0,9.290146e-05,0
1,0.81853145,1
1,0.9999912,1
0,1.8745437e-05,0
0,0.000108172964,0
1,0.6413957,1
1,0.98973525,1
1,0.98585504,1
1,0.9589317,1
0,0.5427431,1
0,0.03577957,0
0,0.4651049,0
0,0.0060930615,0
1,0.9664298,1
0,6.7330293e-06,0
0,0.019212116,0
1,0.3991082,0
1,0.84265375,1
1,0.64558065,1
0,3.3702183e-06,0
1,0.7446937,1
0,0.00039477166,0
1,0.9098143,1
1,0.66669655,1
0,0.03974544,0
0,0.019483613,0
0,0.0024681508,0
1,0.99982375,1
1,0.28657842,0
0,6.275585e-07,0
0,7.8452507e-07,0
0,1.1307224e-06,0
1,0.61858463,1
1,0.91979414,1
1,0.99999785,1
0,0.11413273,0
0,0.0012819201,0
0,0.010769246,0
1,0.9995671,1
0,0.001958848,0
1,0.98042727,1
0,0.00029921328,0
1,0.99825543,1
0,0.3496225,0
0,0.0013210658,0
0,0.00039133907,0
0,0.00027869447,0
0,3.0015864e-05,0
0,0.10595434,0
0,2.500478e-07,0
0,0.09361296,0
0,6.3220405e-06,0
1,0.99912053,1
1,0.72555476,1
0,0.0011063284,0
0,1.2484674e-06,0
1,0.99894303,1
1,0.99927574,1
0,1.2569408e-05,0
1,0.13057458,0
0,0.13763781,0
1,0.9590231,1
0,0.4175784,0
1,0.9999989,1
0,0.0011021969,0
0,6.1774017e-07,0
1,0.7841549,1
1,0.99963653,1
0,0.004612739,0
0,0.058799695,0
0,0.044326458,0
0,0.04686191,0
1,0.7945146,1
0,1.20714485e-05,0
0,6.030042e-05,0
1,0.999233,1
0,0.00015025462,0
0,1.0328367e-05,0
0,0.0002242784,0
0,0.0003835943,0
0,3.2270711e-06,0
0,4.5543807e-06,0
0,0.03276744,0
1,0.99999666,1
0,0.0005799977,0
0,0.0003427591,0
1,0.9992649,1
0,0.17731042,0
0,3.5817084e-06,0
1,0.9996474,1
1,0.5829273,1
1,0.95897436,1
0,8.576062e-05,0
0,0.005473953,0
1,0.9970746,1
1,0.33823854,0
1,0.99115914,1
0,9.898286e-06,0
0,6.099705e-06,0
0,0.00020964089,0
1,0.92308897,1
0,0.799529,1
0,0.108867764,0
1,0.72077495,1
0,1.4779054e-05,0
1,0.9931117,1
1,0.83729595,1
0,0.0191078,0
0,2.5333688e-05,0
1,0.9999863,1
1,0.9809281,1
1,0.31991178,0
1,0.24021055,0
0,0.0006131779,0
1,0.99980146,1
0,0.0030413002,0
0,0.10192457,0
1,0.9999982,1
0,0.0001064517,0
1,0.10323485,0
0,0.014538004,0
0,7.589919e-05,0
1,0.9033924,1
1,0.9197972,1
0,0.05024414,0
0,0.0028471695,0
0,0.81625897,1
0,0.00029373166,0
0,4.0974296e-06,0
0,0.0126871085,0
1,0.99962175,1
0,0.0001749589,0
1,0.43092299,0
0,0.14077054,0
0,6.9944467e-06,0
1,0.9996006,1
0,0.0001323637,0
1,0.9961475,1
0,7.215392e-06,0
1,0.9994159,1
0,0.004200026,0
0,0.00043061332,0
0,1.7456901e-05,0
0,3.8936982e-06,0
0,2.6021895e-05,0
0,0.00050575513,0
1,0.9776919,1
1,0.974591,1
0,0.01699349,0
0,0.00085978943,0
1,0.8239402,1
0,0.020873152,0
0,0.07564975,0
0,4.011611e-05,0
0,2.02493e-05,0
0,0.048413776,0
1,0.9999027,1
0,0.000116670424,0
0,2.494165e-05,0
1,0.88877636,1
0,0.14531343,0
1,0.95727736,1
1,0.9716679,1
0,0.00028444908,0
1,0.98925906,1
0,1.5361857e-06,0
1,0.9468856,1
0,0.00032311073,0
1,0.77643275,1
0,0.00018782108,0
0,1.3165918e-07,0
0,0.1497282,0
0,0.00043086338,0
1,0.9966191,1
1,0.71307397,1
0,4.7346395e-05,0
0,0.00060016365,0
1,0.760462,1
0,0.0005396085,0
0,3.4110522e-05,0
0,0.00015830636,0
1,0.9965802,1
0,0.2681018,0
0,1.493512e-05,0
1,0.7011279,1
0,0.00025248772,0
0,3.3570308e-05,0
1,0.99982774,1
1,0.99991655,1
0,9.415051e-06,0
0,1.1227108e-05,0
0,0.0069702715,0
0,0.0002140232,0
1,0.9245406,1
1,0.9999646,1
1,0.99523973,1
0,0.3322293,0
0,0.05171202,0
1,0.9992655,1
0,0.48044047,0
0,5.743435e-05,0
1,0.9999949,1
0,6.651986e-06,0
1,0.18596256,0
0,0.00040739347,0
0,6.9685607e-06,0
1,0.94513476,1
0,0.005057507,0
0,0.0023963605,0
1,0.9999033,1
1,0.31591293,0
0,0.0023000971,0
0,0.0012919129,0
0,0.0028768596,0
0,0.03893021,0
1,0.98643804,1
0,0.000651285,0
1,0.58534074,1
1,0.99127555,1
1,0.8547778,1
1,0.68810034,1
0,0.016286075,0
0,1.4995969e-07,0
0,0.0014283138,0
1,0.32489255,0
0,6.4585643e-06,0
0,0.069821775,0
0,0.00014204058,0
1,0.9501518,1
0,1.2993377e-06,0
0,7.260639e-06,0
1,0.891899,1
0,0.04218224,0
1,0.5209031,1
0,0.0011218656,0
0,0.00017139332,0
1,0.9822667,1
0,0.26629728,0
0,0.00012266522,0
1,0.9524955,1
0,4.216169e-05,0
0,0.0005652345,0
0,0.0023352616,0
0,0.011303965,0
0,0.0008032064,0
0,0.00013132086,0
0,6.061294e-06,0
0,6.4585e-07,0
0,0.29603064,0
1,0.8538264,1
1,0.9132021,1
1,0.8085943,1
1,0.9243373,1
1,0.99999547,1
0,0.00079810916,0
0,0.3521082,0
0,0.00092377013,0
0,9.541719e-07,0
1,0.9992847,1
0,0.0065186108,0
0,5.594032e-05,0
0,0.013865513,0
1,0.8324509,1
1,0.999491,1
1,0.89624023,1
0,3.090851e-05,0
0,0.0017967306,0
0,0.0018201035,0
0,0.1888514,0
0,0.64356977,1
0,1.2525194e-05,0
1,0.94531167,1
0,0.08921858,0
0,4.3225173e-06,0
0,4.4458782e-05,0
1,0.9998863,1
0,0.006214092,0
0,0.025534645,0
0,0.003544231,0
1,0.976482,1
1,0.9993961,1
0,0.015381655,0
1,0.9995085,1
1,0.9804976,1
1,0.99999976,1
0,0.0127988,0
1,0.8957146,1
1,0.967556,1
1,0.99840885,1
0,0.025428513,0
0,0.0023612464,0
0,0.00040346524,0
1,0.9999393,1
1,0.4852985,0
1,0.9883957,1
1,0.97948956,1
0,1.6552136e-05,0
1,0.7492349,1
0,0.0012697236,0
0,0.03705222,0
1,0.9998816,1
0,0.03396851,0
0,0.099769525,0
0,0.0024421867,0
1,0.9999994,1
1,0.9999995,1
1,0.9973425,1
1,0.77558845,1
1,0.9997342,1
0,0.0011610942,0
1,0.9973201,1
1,0.98264366,1
0,0.00045573167,0
1,0.9992723,1
1,0.9240741,1
1,0.60566354,1
1,0.9092795,1
0,0.0005374055,0
1,0.97711754,1
1,0.9953054,1
0,0.1384915,0
1,0.8292457,1
0,0.051968407,0
0,0.00012355259,0
0,0.0032095541,0
1,0.9467458,1
0,0.00020522418,0
0,1.0969326e-05,0
0,0.2829218,0
0,0.00082548324,0
0,0.0015397503,0
0,0.02485616,0
0,0.011330055,0
0,0.0047220923,0
0,0.047633667,0
0,0.0019718101,0
1,0.9995542,1
1,0.9491244,1
1,0.99801046,1
0,2.2041073e-05,0
0,5.654164e-06,0
0,3.803366e-05,0
1,0.99989223,1
0,0.00043299043,0
0,0.00032929302,0
1,0.9774343,1
0,0.00041390813,0
1,0.9667763,1
0,0.00018930869,0
0,3.6967453e-05,0
0,0.0015179111,0
0,3.1734066e-06,0
1,0.9884526,1
1,0.99991965,1
0,0.00032724906,0
0,3.0301114e-06,0
0,1.7609862e-05,0
0,0.00031092874,0
0,0.0013581637,0
0,2.745014e-05,0
0,0.00021828493,0
0,0.0008995711,0
0,0.01176514,0
1,0.28330746,0
0,1.9325664e-05,0
0,0.00024278591,0
0,0.46152976,0
0,0.031495627,0
0,0.001917667,0
0,0.12177224,0
0,4.668444e-06,0
1,0.6021203,1
0,0.00010341732,0
0,1.9497996e-07,0
0,0.0005325985,0
0,1.1773215e-06,0
0,8.253882e-06,0
0,0.0004906151,0
0,0.27941507,0
1,0.99971,1
0,7.189087e-07,0
1,0.25864467,0
0,0.029361954,0
0,0.0023719426,0
0,0.020150319,0
0,3.7689497e-05,0
1,0.9999367,1
1,0.99895215,1
0,0.002650294,0
0,8.400871e-07,0
1,0.8226805,1
1,0.9463041,1
1,0.98674065,1
0,0.045157127,0
0,9.679204e-07,0
1,0.82744545,1
1,0.32145235,0
0,0.07682069,0
1,0.976306,1
0,7.0041187e-06,0
1,0.99806446,1
1,0.9984485,1
1,0.9995548,1
1,0.482153,0
0,3.209329e-06,0
1,0.9976018,1
1,0.9997447,1
0,4.1874746e-06,0
0,0.00052079814,0
0,0.020694068,0
0,0.36207053,0
0,2.0254358e-05,0
0,0.0019199629,0
1,0.9991159,1
0,3.568149e-07,0
1,0.99996245,1
1,0.86477524,1
0,1.0404083e-05,0
1,0.9616077,1
1,0.99979776,1
0,0.00010605585,0
0,0.0011209443,0
0,0.000851392,0
0,4.25302e-06,0
1,0.9712196,1
1,0.9998492,1
0,4.221452e-06,0
0,8.411434e-06,0
1,1.0,1
1,0.99995935,1
1,0.99677414,1
0,0.00036338097,0
0,0.0021084212,0
0,0.0001356184,0
1,0.98885906,1
0,0.03608993,0
1,0.15646158,0
1,0.9999994,1
0,0.49934128,0
1,0.94190186,1
1,0.99575883,1
0,9.2088245e-05,0
0,0.0010279014,0
1,0.9999999,1
1,0.99996805,1
0,1.0685163e-05,0
0,0.12634653,0
0,0.027908077,0
0,0.0017867644,0
0,1.8798735e-06,0
0,0.0002505711,0
0,0.026778253,0
0,4.5465586e-05,0
1,0.99965024,1
1,0.9999999,1
1,0.96258295,1
1,0.9526499,1
0,0.027205566,0
1,0.9999995,1
1,0.9848828,1
1,0.9824974,1
1,0.99947685,1
0,0.00018333686,0
1,0.94844174,1
0,8.038407e-07,0
0,3.1475852e-06,0
0,5.8513986e-05,0
1,0.99996567,1
1,0.99979395,1
0,0.050685424,0
1,0.7878652,1
0,0.00033394096,0
0,0.0011674551,0
0,4.379701e-06,0
1,0.99840933,1
0,0.030137055,0
0,5.9577985e-07,0
0,0.0031103715,0
0,0.004505308,0
1,0.9999814,1
0,0.0003596847,0
0,2.6684382e-05,0
0,1.5495101e-06,0
0,8.688899e-06,0
0,0.0014603796,0
0,2.9588973e-06,0
0,9.2282835e-06,0
1,0.9212735,1
0,0.12704398,0
0,5.6627872e-05,0
0,0.117336765,0
0,2.099777e-05,0
0,0.00013300325,0
1,0.99157435,1
0,2.2130185e-05,0
1,0.57800347,1
0,0.0036271769,0
0,0.57060224,1
0,0.00040000203,0
0,0.6065138,1
0,0.000709187,0
1,0.8054344,1
1,0.99143934,1
1,0.98546267,1
0,0.0036771968,0
0,0.00012617934,0
0,7.153422e-07,0
0,0.63444054,1
0,0.02677307,0
0,0.00053524406,0
0,0.0008378305,0
1,0.9999857,1
1,0.9999932,1
0,0.003932539,0
0,0.5444796,1
0,3.8503075e-07,0
1,0.9992042,1
0,1.3801124e-06,0
1,0.53768635,1
1,0.9760283,1
0,0.014559369,0
0,0.03558537,0
1,0.9864884,1
0,0.06870554,0
1,0.97664577,1
0,0.006335397,0
0,2.1879083e-05,0
1,0.98181593,1
0,0.001524266,0
0,0.0037809538,0
1,0.9976769,1
0,2.1954598e-05,0
1,0.9974427,1
0,2.456992e-05,0
0,5.259001e-06,0
1,0.9987206,1
0,0.086009696,0
1,0.9999988,1
0,6.095483e-06,0
0,0.060826775,0
0,0.25244823,0
0,0.03674659,0
1,0.9505551,1
0,0.013818713,0
0,2.2973047e-07,0
0,1.4223706e-05,0
1,0.9999653,1
1,0.8966814,1
1,0.9680729,1
0,4.210407e-05,0
1,0.8902631,1
0,0.0012707545,0
1,0.60971093,1
1,1.0,1
0,7.355556e-05,0
0,0.035066362,0
0,0.00038677716,0
1,0.70582026,1
1,0.992152,1
0,0.00014426373,0
0,0.00014424542,0
0,4.491244e-05,0
1,0.9258064,1
1,0.9998965,1
1,0.9996599,1
0,0.06975986,0
1,0.9942934,1
1,0.99994266,1
1,0.9982673,1
0,0.002248798,0
1,0.2806158,0
0,4.2747593e-05,0
1,0.99771833,1
0,0.00013099669,0
0,0.00078185287,0
0,0.33608362,0
0,0.36578315,0
1,0.9998474,1
0,0.00085810997,0
0,0.007481183,0
0,4.159956e-07,0
1,0.99987864,1
0,2.9283826e-06,0
0,7.540193e-05,0
0,0.00089464546,0
1,0.99954563,1
1,0.29309934,0
0,7.664943e-06,0
0,0.00023650851,0
1,0.9923834,1
0,0.13865472,0
1,0.9915331,1
0,0.00735363,0
0,0.008241817,0
0,2.0090072e-05,0
0,0.0034204877,0
0,0.45949396,0
0,0.02660617,0
0,4.5891647e-05,0
0,0.00031420545,0
0,0.0051402254,0
1,0.98345137,1
0,0.20029388,0
1,0.56080407,1
1,0.9945492,1
0,7.177576e-05,0
0,9.389835e-05,0
1,0.99999774,1
0,0.025312116,0
1,0.80621034,1
0,0.00242004,0
1,0.99553347,1
0,3.819566e-05,0
0,1.1423543e-05,0
0,1.8894408e-06,0
0,0.32570344,0
1,0.99986887,1
0,0.022421386,0
1,0.96384686,1
0,0.00035099426,0
1,0.99999213,1
0,2.1690985e-05,0
0,0.00012289388,0
0,0.3856556,0
1,0.8487088,1
1,0.6412012,1
1,0.9487976,1
0,0.0038010764,0
1,0.9999732,1
0,0.07148941,0
1,0.9999995,1
0,0.0014490478,0
1,0.9999373,1
0,0.0008621953,0
0,0.00048027365,0
0,0.00010717037,0
1,0.9968766,1
0,0.00019546325,0
1,0.9531521,1
0,3.2359376e-06,0
0,9.325031e-06,0
0,0.0011619604,0
0,0.04253237,0
0,0.056000035,0
1,0.9887728,1
0,0.0003952194,0
0,0.00023034656,0
1,0.94430786,1
0,1.125775e-05,0
0,1.0521864e-05,0
1,0.8054316,1
0,0.030679034,0
1,0.98028815,1
0,0.19779453,0
0,0.0009633652,0
1,0.99759644,1
1,0.98381627,1
1,0.9231651,1
1,0.99999785,1
0,0.017111043,0
0,0.0037450274,0
0,0.17149456,0
0,0.00013592263,0
0,0.00048095145,0
1,0.9961039,1
0,0.0016284039,0
0,0.00018097735,0
0,0.06576588,0
1,0.99456304,1
0,0.24214984,0
0,0.00074835913,0
0,0.00029332502,0
0,4.7230318e-05,0
0,0.0007670921,0
1,0.9456172,1
0,0.0009831219,0
0,0.29024476,0
0,0.0004001687,0
1,0.9999565,1
1,0.99995065,1
0,0.009274089,0
0,7.5524895e-06,0
1,0.915365,1
1,0.9971987,1
0,0.12383964,0
0,1.9024692e-05,0
0,4.0190635e-06,0
1,0.9988379,1
0,0.0069137774,0
0,0.0020492577,0
1,0.9953395,1
1,0.9156823,1
1,0.9999999,1
1,0.9747956,1
1,0.99959177,1
1,0.9772783,1
1,0.9996635,1
1,0.13449611,0
1,0.9992505,1
0,0.001929236,0
1,0.99696004,1
1,0.9983223,1
0,0.00037580833,0
1,0.8467822,1
1,0.9993137,1
0,2.2872431e-05,0
0,0.00011473595,0
0,4.6127657e-06,0
1,0.9998116,1
0,2.2617522e-05,0
0,0.0005006514,0
1,0.9921257,1
0,1.6274229e-06,0
0,0.0005397646,0
1,0.9742013,1
1,0.89566094,1
0,0.6087809,1
0,0.0001387418,0
0,0.00042904608,0
0,1.6909646e-06,0
0,0.0009803898,0
1,0.9968641,1
0,0.2945474,0
1,0.99872667,1
1,0.99999714,1
1,0.22703502,0
1,0.7700398,1
0,0.24794509,0
0,0.0047258027,0
0,0.09970076,0
0,4.112336e-05,0
0,0.32472345,0
1,0.11657943,0
1,0.8604018,1
0,5.431438e-05,0
1,0.9887966,1
0,1.5889744e-05,0
0,0.011907216,0
1,0.9859265,1
1,0.9979188,1
0,1.1139994e-05,0
0,0.00022832483,0
0,0.0007226821,0
0,0.4147616,0
1,1.0,1
0,0.0001377916,0
0,0.008885421,0
0,0.005177551,0
1,0.99999285,1
1,0.99988663,1
0,0.026437273,0
0,0.00039471034,0
0,0.0009309261,0
0,0.00026520298,0
1,0.9999825,1
0,0.17808458,0
1,0.29777583,0
1,0.99979013,1
0,9.301603e-07,0
1,0.9999995,1
0,0.00010969974,0
1,0.99967086,1
0,0.022109073,0
1,0.9997174,1
0,4.3979117e-06,0
0,0.0013089349,0
0,9.5378755e-06,0
0,0.03312067,0
1,0.976534,1
0,1.4689618e-07,0
0,0.00068304595,0
1,0.7571529,1
1,0.99936825,1
0,1.0262339e-05,0
1,0.89961916,1
0,0.000684219,0
0,4.088912e-05,0
0,1.0920342e-05,0
0,2.1519993e-05,0
0,0.0032522797,0
1,0.8826879,1
0,2.8797216e-05,0
0,0.00039038385,0
0,0.05415949,0
0,0.4778578,0
0,0.0012620469,0
0,2.8170202e-06,0
0,0.00071201904,0
0,0.001716774,0
0,2.9611274e-06,0
0,0.0037533485,0
0,6.9678963e-06,0
0,4.9106522e-05,0
0,0.0013877876,0
1,0.6866229,1
0,0.00031000108,0
1,0.99615425,1
1,0.45121166,0
1,0.97781277,1
1,0.99999833,1
0,0.28929913,0
0,0.00016093405,0
0,0.00047105248,0
0,0.0007503569,0
0,8.464846e-07,0
0,4.831813e-05,0
0,0.018403953,0
1,0.9511106,1
1,0.91039836,1
1,0.80458564,1
0,0.001840279,0
1,0.99329585,1
1,0.99928206,1
0,0.28182596,0
1,0.99061817,1
1,0.99389476,1
0,0.0459116,0
1,0.9999478,1
1,0.9991209,1
0,2.8747443e-05,0
0,0.4024698,0
0,1.2008217e-05,0
0,8.96383e-05,0
1,0.9990584,1
0,0.005381961,0
0,0.0002045662,0
0,0.02659975,0
0,0.017378058,0
0,0.13557315,0
0,0.000789322,0
0,0.15350036,0
0,0.0007782121,0
1,0.982451,1
1,0.82540315,1
0,7.499577e-05,0
0,2.106962e-05,0
0,5.210238e-06,0
1,0.9277925,1
1,0.96430016,1
0,2.8911268e-06,0
0,0.0016262967,0
1,0.9999919,1
0,1.50400165e-05,0
0,0.0047165514,0
0,0.12236428,0
0,0.31659082,0
0,0.00012189427,0
0,5.0378057e-05,0
1,0.9998678,1
1,0.9980404,1
0,0.0036282488,0
0,0.00030698557,0
0,0.00018801655,0
1,0.9941047,1
1,0.97557145,1
0,0.16922298,0
0,0.0014865891,0
1,0.9668072,1
0,9.737342e-06,0
0,0.06852821,0
0,0.0037115335,0
0,1.34671545e-05,0
0,0.00017903889,0
0,1.2092393e-06,0
1,0.99995244,1
1,0.83936393,1
0,7.858341e-06,0
1,0.9652274,1
0,0.0008452189,0
0,0.002475065,0
0,0.03778353,0
1,0.93157095,1
0,0.53996867,1
0,0.010433205,0
1,0.8010319,1
1,0.9724692,1
0,0.077020064,0
1,1.0,1
1,0.75768137,1
1,0.9999994,1
0,0.00064234965,0
0,0.0018275854,0
0,0.019111572,0
0,0.013292212,0
0,0.20408101,0
1,0.98219335,1
1,0.9979201,1
0,0.0018223512,0
1,0.9943112,1
0,0.00021940524,0
0,1.0494486e-05,0
1,0.13487092,0
0,5.6201687e-05,0
0,0.00019135649,0
0,0.00071698765,0
1,0.99965787,1
0,0.0028427003,0
0,0.009236189,0
0,7.577097e-05,0
0,1.7026601e-05,0
1,0.9913999,1
1,0.99886847,1
1,0.9813533,1
0,0.0024859302,0
0,0.0022144176,0
0,0.059933823,0
0,7.296821e-07,0
0,0.00042908982,0
1,0.90325,1
1,0.98897564,1
0,0.0001632177,0
0,3.1236927e-05,0
0,0.3093092,0
1,0.9960069,1
0,0.0086551355,0
0,4.988377e-07,0
1,0.98425484,1
0,0.0061340383,0
0,1.8475298e-06,0
0,1.9088943e-06,0
0,9.3470255e-05,0
1,0.9842517,1
1,0.98915035,1
0,0.40962443,0
1,0.75162756,1
1,0.99999976,1
1,0.9797207,1
0,0.0023743922,0
1,0.9999931,1
1,0.999897,1
0,2.8403817e-06,0
0,0.001072265,0
1,0.99999905,1
0,0.023190433,0
1,0.99405223,1
0,3.0789218e-07,0
0,0.0027579463,0
0,0.015630145,0
0,0.0023153487,0
0,0.026817713,0
0,2.1933296e-05,0
1,0.7545266,1
0,0.0014939009,0
0,1.8492062e-06,0
1,1.0,1
0,0.0003899937,0
0,0.0002459201,0
0,5.985567e-05,0
1,0.9247546,1
0,0.00876299,0
0,1.2785347e-06,0
1,0.99881446,1
1,0.84080863,1
0,0.0025385525,0
1,0.99757177,1
1,0.71627843,1
0,0.20513518,0
0,0.2270666,0
1,0.9842076,1
0,0.8511594,1
0,0.26528612,0
0,0.0016188141,0
0,0.00027106854,0
1,0.96411663,1
0,1.3695652e-07,0
1,0.99637127,1
0,0.0745666,0
1,0.50783753,1
0,0.00015683813,0
0,2.3750541e-05,0
0,5.1381187e-07,0
0,1.2452304e-05,0
0,0.0062035997,0
0,0.00028402876,0
0,1.8212264e-06,0
0,0.00017488218,0
0,0.0033267855,0
0,0.0004776257,0
1,0.99567705,1
1,0.99707353,1
0,0.0008604168,0
0,1.2180333e-06,0
0,2.6776424e-06,0
0,0.021897867,0
1,0.9999988,1
0,0.0010950645,0
0,2.5309202e-05,0
0,2.1158035e-05,0
1,0.9981737,1
1,0.94661534,1
0,3.9188802e-05,0
1,0.6935961,1
0,9.638118e-06,0
1,0.91100115,1
1,0.9994087,1
0,0.0046069343,0
1,0.3551066,0
0,0.17618573,0
1,0.9868541,1
0,0.10554769,0
1,0.7129881,1
0,0.00064845546,0
1,0.75693446,1
0,8.445362e-06,0
0,0.004385602,0
1,0.99985874,1
0,0.00065356266,0
0,0.00306199,0
1,0.74465454,1
0,9.981896e-06,0
1,0.9959293,1
0,0.00015227069,0
0,0.0077430997,0
0,0.5063361,1
1,0.98552436,1
0,1.0689229e-05,0
0,0.00031435344,0
1,0.8477605,1
0,0.26232848,0
1,0.99656904,1
0,0.035977352,0
0,1.8592415e-06,0
0,0.00061744073,0
1,0.84004945,1
0,0.00072721066,0
1,0.9999683,1
0,0.008947058,0
1,0.9795039,1
1,0.976249,1
0,0.0004405168,0
1,0.9631238,1
1,0.67498803,1
1,0.9961545,1
0,0.00056618,0
1,0.8482407,1
1,0.9672518,1
1,0.9987463,1
1,0.98468494,1
0,0.013232892,0
0,9.824003e-06,0
0,0.02984769,0
0,0.0148314815,0
0,6.3982894e-05,0
0,2.6475175e-06,0
1,0.8055593,1
0,1.8990722e-05,0
1,0.99932575,1
0,0.006950878,0
0,0.030828763,0
0,2.8380182e-07,0
1,0.93186605,1
0,1.4700365e-05,0
1,0.9697963,1
0,0.0024671357,0
0,0.00018668818,0
0,0.0018160623,0
1,0.5998426,1
1,0.9993548,1
0,4.723622e-05,0
0,0.0025947504,0
0,1.5581702e-06,0
0,0.59737843,1
1,0.18282828,0
0,0.0018499021,0
0,0.027958442,0
0,3.3430508e-05,0
0,0.0029025683,0
0,0.0036103071,0
1,0.999863,1
0,0.0014950181,0
1,0.556187,1
0,0.06294456,0
0,6.463651e-05,0
0,0.0005491368,0
0,0.00012128209,0
0,0.0032523414,0
0,0.00012556397,0
0,0.060699172,0
1,0.99112517,1
0,8.438904e-05,0
0,0.04491632,0
0,7.336383e-05,0
0,0.061181497,0
0,2.848864e-05,0
0,0.0002160287,0
0,0.048592646,0
0,0.0121784,0
1,0.9969097,1
0,0.42168778,0
0,0.08312343,0
1,0.99990845,1
0,6.1298226e-05,0
1,0.66689456,1
1,0.9913994,1
1,0.99999857,1
1,0.8017442,1
0,0.00010916338,0
1,0.82952696,1
0,0.018068435,0
1,0.94855976,1
0,7.7876075e-06,0
1,0.66755575,1
0,1.8152847e-05,0
0,0.035593994,0
0,0.00020393853,0
0,0.25969458,0
0,0.34070534,0
0,0.047713682,0
0,0.00028453043,0
1,0.56288016,1
1,0.49497536,0
0,0.1251525,0
0,0.001084979,0
0,0.00038516702,0
0,1.3046821e-05,0
1,0.9993717,1
1,0.9586065,1
1,0.31246784,0
0,5.6487042e-06,0
1,0.9999988,1
0,0.010657151,0
0,0.00016535452,0
1,0.9993529,1
1,0.902894,1
0,0.0009810495,0
1,0.512969,1
0,0.00058298226,0
0,6.5128705e-05,0
1,0.35306084,0
0,0.00011267278,0
0,0.00019717921,0
1,0.44199485,0
0,0.08634296,0
0,0.011065244,0
1,0.09228723,0
1,0.74370897,1
1,0.7624794,1
1,0.9999957,1
1,0.9794378,1
1,0.999995,1
0,0.00013276123,0
0,2.3170833e-05,0
0,8.789572e-05,0
0,0.0005688711,0
0,0.00013915876,0
0,3.4253054e-07,0
1,0.9869452,1
0,0.002514368,0
1,0.99997246,1
0,0.046015896,0
0,0.0013867894,0
0,2.955728e-07,0
1,0.5379482,1
0,0.016774807,0
0,2.860232e-05,0
0,0.00053870067,0
0,0.0021453644,0
0,0.035949066,0
0,2.0880536e-06,0
0,3.182907e-05,0
1,0.85578775,1
0,0.0020917372,0
0,0.04462682,0
0,0.00015676353,0
0,0.0025028894,0
0,0.021812739,0
0,0.0038236482,0
1,0.9538113,1
0,0.0010475687,0
1,0.9962631,1
0,8.427549e-05,0
0,0.0032401234,0
1,0.9536963,1
0,0.00021165154,0
1,0.37382078,0
0,0.030752659,0
1,0.9998759,1
1,0.98687196,1
0,0.00022047726,0
0,0.00010861473,0
1,0.99908566,1
1,0.49011567,0
0,0.23641427,0
0,0.0049452,0
0,0.14063379,0
0,2.974572e-07,0
0,8.952827e-06,0
1,0.6643771,1
0,0.00220934,0
1,0.98333424,1
1,0.86602116,1
0,0.0035895787,0
1,0.9543776,1
0,1.0433195e-05,0
0,4.4738204e-05,0
1,0.9998319,1
0,0.052019693,0
0,0.000430749,0
1,0.99917173,1
1,0.9999927,1
1,0.9999112,1
0,9.774847e-06,0
0,0.0034630317,0
0,0.00015454055,0
1,0.99948525,1
1,0.98561156,1
0,8.652365e-05,0
0,0.005197557,0
1,0.8569098,1
1,0.99963605,1
1,0.99985063,1
0,2.2602942e-06,0
1,0.05305213,0
1,0.9991787,1
1,0.95768106,1
0,2.7641141e-05,0
0,0.3367614,0
0,0.00090114283,0
0,2.8769787e-07,0
0,0.030598084,0
0,0.0005625801,0
0,0.000117392236,0
0,0.00012578926,0
0,0.00355465,0
0,0.13358065,0
1,0.99969065,1
1,0.96311176,1
1,1.0,1
0,0.00016495232,0
1,0.9999391,1
0,3.175888e-05,0
0,0.00064962794,0
0,0.040277828,0
0,2.7303162e-07,0
0,0.29779544,0
1,0.98656136,1
1,0.9672088,1
0,1.476391e-05,0
0,0.7645094,1
0,7.430497e-05,0
0,0.3455737,0
0,0.045850772,0
0,0.28045684,0
0,6.0721885e-07,0
0,0.0040975977,0
0,0.00084524986,0
0,0.009211511,0
0,0.00015470332,0
1,0.76178914,1
0,3.17162e-07,0
1,0.9925903,1
0,0.0025078754,0
0,0.0005174919,0
0,2.8721684e-05,0
1,0.9881799,1
0,0.022105763,0
0,0.00012550256,0
1,0.9999976,1
1,0.52400297,1
1,0.999803,1
0,0.30742913,0
1,0.9931078,1
1,0.9999391,1
1,0.40412676,0
0,0.06745998,0
0,4.517861e-06,0
0,0.113486454,0
0,0.03986516,0
0,0.015890472,0
1,0.99370766,1
0,1.423577e-05,0
1,0.99909747,1
0,2.151601e-05,0
1,0.8053972,1
1,0.9973285,1
0,1.194428e-05,0
1,0.9926248,1
0,2.2052047e-05,0
0,7.9044374e-05,0
0,0.00027117168,0
1,0.9193829,1
0,0.0111777885,0
1,0.9996816,1
0,0.010342424,0
0,6.0574646e-05,0
0,0.00067084713,0
0,1.3022271e-05,0
1,0.9999949,1
0,0.00036489504,0
1,0.4442018,0
0,1.6529359e-05,0
0,0.0009473866,0
0,0.00023772934,0
1,0.97238797,1
0,0.008973382,0
1,0.93445927,1
0,0.0078073065,0
1,0.95101625,1
0,0.027364314,0
1,0.9871452,1
0,2.2961574e-05,0
0,4.949358e-05,0
0,4.0053172e-07,0
0,0.0021481786,0
0,0.28369382,0
0,6.582693e-07,0
1,0.91352063,1
1,0.7793091,1
0,0.00020630873,0
0,0.01649482,0
1,0.99158186,1
0,0.0005766854,0
1,0.77693015,1
0,1.4930065e-05,0
1,0.93855757,1
0,1.3920314e-06,0
0,0.00020001309,0
1,0.9999894,1
1,0.7164079,1
0,0.012838058,0
0,0.000121961224,0
0,7.091495e-07,0
0,5.3185618e-06,0
0,6.2472845e-06,0
1,0.15368617,0
0,0.034264192,0
1,0.9997961,1
0,0.0002591585,0
0,0.24746126,0
0,5.381146e-05,0
0,0.0008447229,0
0,8.169158e-06,0
1,0.99999535,1
0,3.946012e-05,0
1,0.9609676,1
0,0.074395746,0
1,0.5402924,1
1,0.58127874,1
0,3.1787135e-06,0
0,5.1167648e-05,0
0,6.7965034e-06,0
1,0.9232332,1
0,0.0006410305,0
0,0.0011207536,0
1,0.96995354,1
1,0.9999697,1
0,0.0027457727,0
1,0.90489554,1
1,0.9996055,1
0,0.022582654,0
0,8.8703964e-05,0
1,0.21707918,0
1,0.9997733,1
0,3.2867913e-05,0
0,0.0008653933,0
0,0.04312213,0
0,0.026388006,0
0,0.0030072166,0
0,0.006692477,0
0,1.5946944e-05,0
1,0.99914277,1
0,5.909259e-07,0
0,0.032649435,0
1,0.9969585,1
0,0.7125075,1
0,0.023886763,0
0,0.00013131423,0
0,4.9825314e-05,0
0,0.0018539609,0
0,0.24305515,0
1,0.9986325,1
1,0.94451797,1
0,0.00011165,0
0,6.63092e-05,0
0,0.002781237,0
1,0.9944366,1
0,0.0025189896,0
0,8.55892e-07,0
0,3.5914898e-05,0
0,0.020161638,0
0,4.295797e-05,0
1,0.36269125,0
0,0.0014072594,0
0,0.00010170226,0
1,0.98769367,1
1,0.9999994,1
0,1.0748908e-05,0
0,0.15817839,0
0,0.029041706,0
1,0.15695511,0
0,0.004360846,0
0,0.09017668,0
1,1.0,1
0,0.0074914545,0
1,0.7693992,1
0,8.210953e-05,0
1,0.96741587,1
0,6.538024e-06,0
0,1.9397726e-06,0
0,0.65200055,1
0,0.0030117163,0
0,0.00034588212,0
0,8.242773e-05,0
0,0.021883126,0
1,0.999413,1
1,0.95094615,1
0,2.5519817e-05,0
1,0.98153234,1
0,0.0099898875,0
1,0.9635992,1
1,0.9991204,1
0,0.017082725,0
0,0.0005063383,0
0,6.0823304e-06,0
1,0.99994886,1
0,6.541165e-07,0
1,0.17565846,0
0,0.5593986,1
0,0.025347695,0
1,0.6213785,1
1,0.9167649,1
0,2.3710485e-05,0
1,0.1930109,0
0,0.4243517,0
0,0.009748129,0
1,0.96799713,1
1,0.9999479,1
0,0.050343078,0
0,4.75503e-07,0
0,0.00039953674,0
1,0.9646081,1
0,8.141604e-07,0
0,1.3505494e-05,0
0,0.28391725,0
0,1.4396722e-05,0
1,0.9999813,1
0,0.021260774,0
1,0.99999475,1
0,0.42677897,0
1,0.9999974,1
1,0.63315356,1
0,2.4722312e-06,0
0,1.9659667e-06,0
0,0.0031077394,0
0,0.0012550416,0
0,0.002137959,0
0,1.3652006e-05,0
0,0.21803068,0
1,0.32802227,0
1,0.73042685,1
1,0.9760351,1
0,0.02500088,0
0,3.379274e-07,0
0,1.3859388e-05,0
0,0.000106802894,0
0,0.0025507293,0
0,9.257716e-06,0
0,6.1482133e-06,0
0,0.18713506,0
0,5.8248428e-05,0
1,0.7287863,1
1,0.934045,1
1,0.9221167,1
1,0.9534781,1
1,0.6468809,1
1,0.99848807,1
0,0.00040847555,0
1,0.23362172,0
0,6.114211e-05,0
0,0.65428376,1
1,0.9923316,1
1,0.9822694,1
1,0.9999018,1
0,0.0059411256,0
0,3.148391e-07,0
0,4.0830905e-06,0
1,0.9982414,1
0,2.6087944e-06,0
1,0.99989426,1
0,0.00034538572,0
0,0.00411879,0
1,0.98723453,1
0,0.00025143527,0
0,2.108528e-05,0
0,7.4435725e-06,0
0,0.035037864,0
1,0.99719113,1
0,0.2356183,0
0,9.005692e-05,0
1,0.9994037,1
0,0.009743532,0
0,0.008616981,0
0,0.004647086,0
0,9.071309e-06,0
0,9.220239e-05,0
0,0.006714785,0
0,1.3082006e-05,0
0,5.2577714e-05,0
1,0.9804663,1
0,0.13205048,0
0,0.0021104258,0
0,3.5165624e-05,0
0,5.6259494e-05,0
0,0.13585697,0
0,2.094715e-05,0
1,0.814387,1
0,1.6374565e-06,0
1,0.99991286,1
1,0.95273024,1
0,0.00068220444,0
1,0.46627602,0
0,6.879849e-05,0
1,0.9999993,1
1,0.94864655,1
1,0.88971627,1
1,0.42300436,0
1,0.92825323,1
0,4.0017112e-05,0
0,3.9663968e-07,0
0,0.00031337226,0
0,0.16124393,0
0,0.003460199,0
1,0.9686818,1
0,0.00013491517,0
1,0.9812026,1
1,0.9239828,1
1,0.9999398,1
1,0.85992855,1
1,0.9996786,1
0,0.07286963,0
0,0.0047064936,0
0,0.018157803,0
1,0.9999355,1
1,0.68581265,1
0,0.00015572141,0
1,0.9998716,1
0,3.2624084e-05,0
0,0.0063732113,0
0,0.016524132,0
0,0.00030291855,0
1,0.9796489,1
1,0.6111597,1
0,5.5166843e-06,0
0,2.6117215e-05,0
0,0.0015188132,0
1,0.9999999,1
0,0.0022242905,0
0,3.691311e-06,0
0,1.5005942e-06,0
0,0.0007811227,0
1,0.8141003,1
1,0.9999831,1
0,0.0021778326,0
0,0.024870126,0
0,0.10036322,0
1,0.9990313,1
0,0.00010274831,0
0,0.0001983761,0
1,0.9746926,1
0,0.0001855257,0
1,0.98630434,1
1,0.99866736,1
1,0.9935495,1
0,1.9880312e-05,0
0,6.7860437e-06,0
0,3.3752607e-05,0
0,7.3001494e-05,0
0,1.6135456e-05,0
1,0.9999976,1
0,0.3492287,0
0,0.0066665844,0
1,0.9960562,1
0,0.1655149,0
0,0.00022125221,0
1,0.99961615,1
1,0.9984958,1
0,0.00056113873,0
0,4.272412e-05,0
0,0.024587035,0
1,0.96385616,1
0,0.0028603438,0
0,0.0004846356,0
1,0.9416762,1
1,0.9680171,1
1,0.9931933,1
0,8.796389e-05,0
1,0.97838163,1
1,0.96891385,1
1,0.9711917,1
1,0.9024824,1
1,0.9999964,1
0,0.003690475,0
0,0.0018604368,0
1,0.99173874,1
1,0.9596353,1
0,0.00024004342,0
0,0.43274456,0
0,0.004772934,0
0,6.650812e-06,0
1,0.9996464,1
0,0.0001512717,0
1,0.21094075,0
0,0.02877238,0
0,3.529702e-06,0
0,0.00028640075,0
0,0.017411303,0
0,0.000112237736,0
1,0.99997544,1
1,0.81844246,1
0,0.13065158,0
0,0.00035041856,0
0,0.003282543,0
1,0.9991887,1
1,1.0,1
1,0.99999964,1
0,6.34473e-05,0
0,0.00018712392,0
0,1.5301922e-06,0
0,5.4882884e-07,0
1,0.8823199,1
0,0.075923495,0
1,0.96433973,1
0,4.888298e-06,0
0,0.005284985,0
0,0.013731804,0
0,0.0013009959,0
0,0.0049955584,0
0,0.1014577,0
0,0.00012741488,0
1,1.0,1
1,0.988981,1
0,0.000281518,0
0,0.0002781134,0
0,0.00020456835,0
0,0.49009183,0
1,0.99904245,1
0,0.13447367,0
0,0.00035179476,0
0,0.0022015288,0
0,0.0036511836,0
0,3.1796715e-06,0
0,0.1380192,0
1,0.31627873,0
0,0.5552073,1
0,2.9857244e-07,0
1,0.9715497,1
1,0.86269027,1
0,0.020697799,0
0,3.5526969e-06,0
0,9.79307e-06,0
1,0.999846,1
1,0.9982799,1
0,0.019051854,0
1,0.9728109,1
1,0.6042608,1
0,2.3821904e-05,0
0,8.869266e-08,0
0,3.185458e-05,0
0,0.00228422,0
0,0.00021505293,0
1,0.9885485,1
1,0.6639726,1
0,0.00094799517,0
0,0.6159116,1
1,0.9492245,1
1,0.99959093,1
0,0.00056005997,0
1,0.9999993,1
0,0.23979197,0
0,2.1417002e-06,0
0,0.00037622752,0
0,0.00013216656,0
1,0.9254127,1
1,0.8950573,1
0,1.2306142e-06,0
0,7.183427e-07,0
1,0.99558604,1
1,0.99954337,1
0,0.0019321322,0
0,2.5044425e-05,0
1,0.999998,1
1,0.8910906,1
1,0.9957794,1
0,2.8303602e-05,0
0,0.00057778193,0
1,0.99505013,1
0,1.3178649e-05,0
1,0.4236597,0
0,1.3707423e-05,0
0,5.5174078e-05,0
0,0.025664864,0
0,4.611416e-06,0
0,0.03142905,0
0,1.4118117e-06,0
0,2.0995847e-05,0
0,4.3587184e-05,0
0,0.04964553,0
0,0.0007982376,0
1,0.9973123,1
1,0.9985367,1
1,0.9747259,1
0,0.0015937984,0
1,0.61954385,1
0,0.0014664514,0
1,0.9897378,1
1,0.99955994,1
0,0.00012884533,0
0,0.5628414,1
0,0.0021091858,0
1,0.9428406,1
0,0.0038423028,0
0,0.024917815,0
0,0.00034237604,0
0,5.8376577e-06,0
0,3.0125268e-05,0
1,0.93280447,1
1,0.9965712,1
1,0.9258712,1
0,0.0014188348,0
1,0.85544306,1
0,0.003061967,0
1,0.9997986,1
1,0.854124,1
1,0.99992716,1
0,0.010604695,0
0,1.1039587e-05,0
0,1.9670076e-06,0
0,1.3048673e-06,0
1,0.9974868,1
0,9.2920806e-07,0
0,3.1993342e-05,0
0,0.037360743,0
0,2.902141e-05,0
0,5.5451157e-05,0
0,0.030024644,0
0,0.009298419,0
0,0.0016601905,0
1,0.93352467,1
0,4.3704644e-05,0
1,1.0,1
0,0.16605183,0
0,0.08871349,0
0,0.0019358314,0
0,1.3063019e-05,0
0,0.0030429575,0
0,0.013027582,0
0,0.8299444,1
0,0.00018003282,0
0,0.013663987,0
1,0.9998567,1
0,0.0011564966,0
0,1.9351668e-07,0
1,0.99939454,1
0,0.032352287,0
1,0.99713695,1
0,0.011359931,0
0,0.004332954,0
0,6.823266e-06,0
1,0.98899686,1
1,0.99996376,1
1,0.99814546,1
1,0.9738715,1
1,0.7316224,1
0,0.1491714,0
1,0.9975211,1
0,0.19039273,0
0,1.1144606e-05,0
0,0.00019222879,0
0,4.877774e-06,0
1,0.78985876,1
0,6.8886095e-07,0
0,0.05106531,0
0,1.4940414e-06,0
1,0.97325414,1
0,0.0132882595,0
0,0.0008988866,0
0,2.468775e-06,0
1,0.97459215,1
0,0.0016414828,0
0,0.00047476403,0
0,0.03633779,0
0,0.49496573,0
1,0.12661153,0
0,0.00013317826,0
0,6.093234e-06,0
1,0.93123496,1
1,0.9392806,1
1,0.9615986,1
0,0.0018695261,0
0,0.0020620928,0
0,1.2462794e-05,0
0,0.002197777,0
1,0.9998908,1
1,0.4559371,0
0,0.0001648047,0
0,0.00010590497,0
0,0.05410792,0
1,0.67985684,1
0,1.8597184e-06,0
0,0.008540273,0
0,0.00044029244,0
0,2.6675061e-06,0
0,0.11813321,0
0,0.494511,0
0,0.006226607,0
0,0.00029288657,0
1,0.997436,1
0,0.00017245428,0
1,0.9428518,1
0,1.1195353e-05,0
1,0.9968527,1
0,0.052255318,0
0,0.00020470454,0
0,0.038081933,0
1,0.7329531,1
1,0.9987476,1
0,0.26090163,0
0,0.00022534738,0
0,0.007094618,0
1,0.991875,1
0,0.01453267,0
0,0.00078733545,0
0,0.00024776004,0
0,2.0699697e-05,0
0,0.0021434808,0
1,0.8721031,1
1,0.91718924,1
1,0.1431525,0
0,9.329238e-06,0
0,0.07142382,0
1,0.9999839,1
1,0.95128554,1
1,0.9998747,1
1,0.9668004,1
0,0.00042721868,0
0,0.0010530761,0
1,0.99895585,1
1,0.99999464,1
1,0.8640006,1
1,0.9986406,1
0,0.009528573,0
0,2.1083108e-05,0
0,0.0012245722,0
1,0.98816663,1
1,0.19999048,0
1,0.98765093,1
0,6.911432e-05,0
1,0.91406155,1
1,0.9993529,1
0,0.0005328364,0
0,0.19282259,0
0,0.027644925,0
1,0.9162809,1
0,3.284081e-05,0
0,5.903738e-05,0
0,0.00015166859,0
1,0.9999999,1
0,0.0008080921,0
1,0.8930767,1
1,0.98801255,1
1,0.9999944,1
0,0.00038673182,0
0,1.089743e-06,0
1,0.85447496,1
0,0.063725606,0
0,0.0002608934,0
1,0.87919897,1
0,0.00119338,0
0,5.76208e-08,0
0,0.5469288,1
0,3.8880665e-07,0
0,2.3522398e-06,0
0,0.0006252022,0
1,0.93886715,1
0,1.178106e-05,0
1,1.0,1
0,0.20408715,0
0,0.0050255232,0
0,0.0006810861,0
0,0.017415024,0
0,0.00021329918,0
1,0.9999999,1
0,0.0033897513,0
0,0.018985575,0
1,0.99747545,1
1,0.9999964,1
0,1.589373e-05,0
0,0.19236307,0
1,0.99542737,1
1,0.9993567,1
0,4.6352372e-05,0
0,1.6680765e-06,0
1,0.99889576,1
0,6.376885e-05,0
0,0.34653473,0
0,2.1378148e-06,0
0,1.3983281e-05,0
1,0.8665937,1
1,0.9532568,1
1,0.99139005,1
0,0.20625275,0
1,0.9897939,1
1,0.9860454,1
1,0.96390533,1
1,0.98250186,1
0,0.007497349,0
1,0.9954847,1
1,0.99624276,1
1,0.89518243,1
1,0.9848578,1
0,0.01930527,0
1,0.9998567,1
0,1.0108799e-05,0
0,1.0360874e-05,0
0,0.0015005362,0
0,0.6416943,1
1,0.96707,1
0,0.0002737483,0
0,0.00010699545,0
0,0.10725056,0
0,0.0026955814,0
1,0.93242127,1
0,0.0032555303,0
0,0.013024284,0
0,0.0001358923,0
0,0.0013657258,0
1,0.99990726,1
1,0.9997521,1
1,0.99980754,1
0,1.2611689e-06,0
0,0.00031435583,0
1,0.8560557,1
0,0.057581455,0
0,8.1911436e-05,0
0,0.00013984276,0
1,0.46274948,0
0,4.3250325e-06,0
1,0.99999523,1
0,5.0319337e-05,0
0,0.00072403875,0
0,0.0041121864,0
1,0.99818283,1
0,1.7436836e-05,0
1,0.9427248,1
0,1.1769891e-06,0
0,0.0011053529,0
0,2.4516998e-05,0
0,0.37673455,0
0,0.0012825002,0
0,1.1181013e-06,0
0,0.00012852556,0
0,0.40248942,0
1,0.99999416,1
0,2.5126647e-05,0
0,0.0016423496,0
1,0.99999547,1
1,0.97604054,1
0,8.906348e-06,0
0,2.366196e-06,0
1,0.9867719,1
0,3.0824383e-05,0
0,0.05616146,0
1,1.0,1
1,0.9999925,1
0,0.31690463,0
1,0.99083227,1
1,0.6267714,1
1,0.727101,1
1,0.9990395,1
0,4.164877e-06,0
0,0.005082703,0
0,0.5526521,1
1,0.6137169,1
0,0.00036656964,0
0,3.3755064e-06,0
0,0.0006762001,0
0,0.00015234212,0
0,0.019892253,0
1,0.9999449,1
0,7.2325674e-06,0
0,4.277826e-05,0
0,8.177166e-05,0
0,1.711655e-05,0
1,0.9475974,1
0,0.00016826982,0
0,7.6206474e-05,0
1,1.0,1
1,0.9753887,1
1,0.8195873,1
1,0.9236499,1
1,0.9999881,1
1,0.9997924,1
0,0.023866402,0
1,0.9981218,1
0,2.0413348e-05,0
1,0.98131967,1
1,0.7223905,1
1,0.9999987,1
1,0.99098295,1
1,0.99730057,1
1,0.99612194,1
1,0.84955037,1
1,0.9980501,1
1,0.9997838,1
1,0.9991781,1
0,3.7553987e-06,0
0,2.7515018e-06,0
0,3.922387e-05,0
1,1.0,1
1,0.99428904,1
0,0.0002623874,0
1,0.99998796,1
0,0.00025958038,0
0,0.003739497,0
1,0.9999994,1
0,0.039375838,0
0,0.00082492613,0
0,0.000968739,0
0,4.753235e-06,0
0,0.00023586828,0
0,1.0264101e-05,0
0,0.19847412,0
0,5.7130655e-06,0
0,0.000106551735,0
1,0.98886687,1
0,0.16071096,0
0,1.320207e-06,0
1,0.9900058,1
0,0.0003959408,0
0,1.441072e-06,0
1,0.9987153,1
0,2.6822716e-05,0
1,0.99602354,1
1,0.5900512,1
1,0.8095522,1
1,0.9997757,1
0,6.276824e-07,0
0,0.000861503,0
1,0.99932635,1
0,2.4942958e-06,0
0,0.0092691695,0
1,0.9761787,1
0,0.0002995061,0
0,0.7358479,1
0,0.00019828514,0
1,0.9966162,1
0,0.37434638,0
1,0.9711457,1
1,0.94668233,1
0,0.0015270734,0
0,0.011266865,0
0,0.00045053047,0
1,0.61607945,1
0,0.4147735,0
0,0.16060005,0
0,5.6400124e-05,0
1,0.990122,1
1,0.9998417,1
1,0.9679442,1
0,0.0001902801,0
0,7.1245966e-05,0
0,0.0017346242,0
0,0.007909611,0
0,0.042186443,0
0,0.02580696,0
1,0.99451256,1
1,0.99960274,1
0,6.505056e-05,0
0,6.820743e-05,0
1,0.9785178,1
1,0.9999745,1
1,0.9725027,1
0,0.00015571206,0
1,0.8344463,1
0,0.020604832,0
1,1.0,1
0,0.004441041,0
0,3.441938e-05,0
1,0.8902479,1
0,0.00044683387,0
0,1.2068821e-06,0
0,0.26847273,0
0,0.005359932,0
0,1.47462515e-05,0
1,0.85002893,1
0,0.008073653,0
1,0.9999511,1
0,0.0010857644,0
0,2.9111357e-06,0
0,3.4844636e-06,0
0,0.019967733,0
0,0.00015742201,0
0,0.00016578313,0
0,0.001804352,0
0,0.0040284353,0
0,0.0040413234,0
1,0.9997353,1
1,0.82524234,1
0,0.0009276399,0
0,0.00024384656,0
0,2.6562122e-06,0
0,3.282767e-06,0
0,0.0016596114,0
0,0.0002476887,0
1,0.9986835,1
0,6.530594e-07,0
0,0.7318847,1
1,0.92357427,1
0,0.009360961,0
1,0.9998566,1
1,0.9988747,1
0,0.39907253,0
0,0.00024509896,0
1,0.99983037,1
0,0.001226406,0
0,0.42095044,0
0,2.640154e-05,0
0,0.00038468943,0
0,1.3941518e-06,0
0,5.6490703e-06,0
1,0.9999603,1
1,0.9975133,1
0,0.00057600753,0
0,2.9141022e-06,0
0,0.00012857509,0
0,0.00015794765,0
1,0.78909814,1
0,0.28408402,0
1,0.93963295,1
1,0.71362346,1
0,0.00026952155,0
1,0.96487933,1
0,0.005025366,0
0,0.05462419,0
0,3.4149682e-08,0
0,0.19260068,0
0,4.017247e-06,0
1,0.99999917,1
1,0.9999932,1
1,0.9997271,1
0,9.17115e-05,0
0,9.7838296e-05,0
1,0.54904103,1
0,2.7186004e-05,0
0,0.00038544618,0
1,0.8286237,1
0,7.1466698e-06,0
0,3.1371055e-05,0
0,0.0006530247,0
0,0.11580601,0
0,2.7142509e-05,0
0,1.8123105e-06,0
0,0.00048557823,0
0,0.043568537,0
1,0.957947,1
1,0.99757415,1
0,0.0009988277,0
0,0.16198112,0
0,0.3211222,0
1,0.9999614,1
0,0.0024115879,0
0,0.00039043432,0
0,0.00010432439,0
0,0.15145166,0
1,0.9773326,1
0,2.847362e-05,0
0,0.11825318,0
0,3.4526937e-07,0
0,0.48755115,0
1,0.9990532,1
1,0.9963356,1
0,0.015222009,0
1,0.82495594,1
1,0.59682167,1
1,0.99381,1
0,0.00046083363,0
1,0.5371075,1
0,7.120216e-05,0
1,0.9842988,1
0,9.445935e-06,0
0,0.084218,0
0,0.06121764,0
1,0.9672638,1
0,0.16265473,0
0,0.0006022887,0
1,0.71522754,1
1,0.39012614,0
0,0.00014647948,0
1,0.9980907,1
0,3.398709e-06,0
1,0.5162626,1
1,0.9542007,1
0,0.00036786142,0
1,0.99966335,1
1,0.9873471,1
0,0.00094690104,0
0,0.08553438,0
1,0.83142585,1
0,8.2293866e-08,0
1,0.9979126,1
0,3.8227106e-05,0
1,0.74381685,1
1,0.7850096,1
0,1.9815427e-05,0
1,0.97342455,1
0,0.00022180729,0
0,0.00015009852,0
0,0.00067047833,0
1,0.5855426,1
0,1.8713536e-05,0
1,0.9832791,1
1,0.9999963,1
0,2.3633573e-05,0
1,0.9992686,1
1,0.99995434,1
0,0.26520267,0
1,0.9964534,1
0,5.8172727e-06,0
0,0.00045755444,0
1,0.89626753,1
0,0.017065175,0
1,0.98018897,1
0,0.010310592,0
1,0.8491715,1
1,0.9960133,1
1,0.6687474,1
0,0.119139455,0
1,1.0,1
0,0.003170518,0
1,0.99977535,1
0,0.0017711165,0
0,0.00016429869,0
0,6.182175e-08,0
1,0.9969144,1
1,0.999246,1
0,0.14744979,0
1,0.10898496,0
0,7.529882e-05,0
0,0.0007369354,0
1,0.99619114,1
0,0.0019088546,0
0,5.0225076e-06,0
0,0.0011496571,0
1,0.9908174,1
0,0.34334457,0
1,0.99999356,1
0,0.001911109,0
1,0.9996207,1
0,0.20928395,0
1,0.6379572,1
1,0.95213324,1
0,9.8879296e-05,0
0,2.7828773e-05,0
1,0.9999254,1
0,0.00014909147,0
0,0.00958351,0
0,0.0015459447,0
0,0.10291062,0
1,0.9941854,1
1,0.9997105,1
0,0.0010235538,0
1,0.97220075,1
0,5.4902674e-05,0
1,0.99912196,1
0,0.0032694268,0
1,0.99880695,1
1,0.9969409,1
0,0.08611737,0
0,0.016955273,0
0,9.114845e-05,0
0,0.00039038478,0
1,0.7227899,1
0,0.0048956443,0
0,0.033095684,0
1,0.82602626,1
0,0.11809177,0
1,0.92029345,1
1,0.9739949,1
0,4.578454e-06,0
0,6.46441e-05,0
0,1.567428e-05,0
1,0.8625109,1
0,0.00013959069,0
0,6.589379e-05,0
0,3.7468376e-07,0
0,4.018258e-05,0
0,0.0010169676,0
1,0.49264747,0
0,0.00013637402,0
0,0.1251499,0
1,0.9794917,1
0,0.08981207,0
0,0.00013366323,0
0,0.00659375,0
1,0.65433097,1
0,1.3849565e-06,0
1,0.99945647,1
1,0.51587045,1
0,0.00062247313,0
1,0.99436647,1
0,0.0011235533,0
1,0.9999964,1
1,0.99873275,1
0,0.006288722,0
0,0.101127505,0
0,0.004653347,0
1,0.974026,1
0,0.014783568,0
0,0.00034982173,0
0,0.096828744,0
1,0.8946752,1
1,0.9003773,1
0,8.336454e-06,0
0,7.304829e-05,0
1,0.79812133,1
0,5.2272194e-06,0
0,0.06666549,0
0,0.0011543515,0
0,4.040847e-06,0
0,0.0002949906,0
1,0.6555365,1
1,0.8898598,1
0,0.0015053207,0
0,0.025617866,0
1,0.999984,1
1,0.99069864,1
0,0.12229686,0
0,0.00047377122,0
0,0.30219445,0
1,0.98031026,1
0,7.888639e-05,0
1,0.9648559,1
0,1.2641933e-05,0
1,0.96390945,1
0,8.095759e-06,0
0,0.0004425472,0
0,1.6593832e-06,0
1,0.99999106,1
1,0.99274033,1
1,0.99891746,1
0,0.32401577,0
0,0.06234762,0
0,7.516294e-05,0
0,9.761799e-05,0
0,2.0060188e-05,0
1,0.98596406,1
1,0.99997604,1
0,0.12472451,0
1,0.99932885,1
1,0.82637393,1
1,0.9974699,1
0,2.0346017e-06,0
0,2.470423e-07,0
0,8.6182035e-07,0
0,0.00039884564,0
0,4.3176795e-05,0
0,2.1837416e-06,0
1,0.9927564,1
0,2.8441389e-06,0
1,0.5852469,1
1,0.9999958,1
0,0.035114042,0
0,0.00022131973,0
0,5.5947792e-05,0
0,0.021406842,0
0,0.069392994,0
0,0.0005909467,0
1,0.9771547,1
1,0.99765235,1
1,0.345571,0
1,0.99999976,1
1,0.40789592,0
0,0.24505644,0
1,0.8980458,1
1,0.7347595,1
1,0.99999976,1
0,0.017657112,0
1,0.8963521,1
0,0.110135674,0
0,0.011591438,0
1,0.91162723,1
0,0.0072960164,0
0,0.094437696,0
0,9.466857e-06,0
1,0.8787046,1
0,0.0036744464,0
1,0.97632444,1
1,0.99993455,1
1,0.9999038,1
1,0.9858969,1
1,0.9999877,1
0,0.0075839246,0
1,0.99978346,1
0,1.4346901e-06,0
1,0.99995005,1
1,0.24757011,0
1,0.9966558,1
1,0.9999459,1
0,0.0026168644,0
0,0.0024766605,0
0,4.110384e-06,0
0,8.353887e-07,0
0,8.7994005e-05,0
1,0.999984,1
0,5.4055965e-07,0
1,0.9984863,1
0,0.0005520923,0
1,0.982169,1
1,0.28223452,0
1,0.9965834,1
0,0.0003253099,0
1,0.908545,1
1,0.79872566,1
1,0.9991923,1
0,3.3444663e-05,0
0,0.00012622339,0
1,0.5076584,1
0,0.002759119,0
1,0.99779594,1
0,0.00010231732,0
1,0.6644123,1
1,0.99957913,1
0,0.24958019,0
0,0.0076820557,0
0,0.0032537808,0
0,4.991161e-06,0
1,0.9999945,1
0,1.2832426e-06,0
0,0.0037515054,0
1,0.8147102,1
0,0.00038957177,0
1,0.99553466,1
0,0.045707755,0
0,9.1283626e-05,0
1,0.9994584,1
0,0.041812398,0
1,0.9997861,1
0,6.218882e-05,0
0,0.07152014,0
0,0.001913539,0
1,0.99968517,1
1,0.47879675,0
0,0.1653492,0
1,0.9987012,1
0,0.00091531675,0
0,0.11784515,0
0,0.00043366145,0
1,0.9985838,1
0,2.4885483e-05,0
1,0.94673765,1
0,0.20813139,0
1,0.9399839,1
0,1.1238677e-05,0
1,0.99941933,1
0,0.0006151637,0
0,0.11495497,0
1,0.97540635,1
0,0.00068180374,0
1,0.9999901,1
0,9.6577925e-05,0
0,0.017829198,0
0,0.02162765,0
1,0.9429154,1
1,0.9216398,1
1,0.93474185,1
1,0.9962261,1
0,3.6829206e-07,0
1,0.7438371,1
1,0.96241176,1
0,0.0024376544,0
0,0.0018525347,0
0,5.413887e-07,0
0,0.2717799,0
0,0.35688266,0
0,0.0030837758,0
1,0.9999788,1
0,0.00019696198,0
0,4.461406e-05,0
0,4.9433722e-05,0
0,0.2173079,0
1,0.12745906,0
0,0.048435837,0
1,0.8315711,1
0,2.922259e-05,0
0,0.37286416,0
1,0.99998367,1
1,0.9377991,1
0,0.010606907,0
0,4.8508955e-06,0
0,4.8046393e-05,0
1,0.9421512,1
0,0.3609025,0
0,0.0046742293,0
0,0.0052106804,0
0,0.53454894,1
1,0.96622145,1
1,0.99030405,1
0,6.2968314e-07,0
1,0.9342143,1
0,4.5636893e-06,0
0,7.459754e-06,0
1,0.7352663,1
1,0.95118016,1
0,1.8133986e-05,0
0,0.0011203666,0
0,0.0011471235,0
0,7.91665e-05,0
0,0.0015071579,0
1,0.9992073,1
1,0.43822432,0
0,0.0079560615,0
1,0.90403813,1
1,0.8277329,1
1,0.6709095,1
0,0.0003025373,0
0,8.9435425e-06,0
1,0.94525856,1
0,0.0017603172,0
1,0.99999595,1
1,0.9348955,1
0,1.6957196e-05,0
1,0.9181604,1
0,0.00074649055,0
1,0.8573688,1
1,0.9833349,1
0,0.025214564,0
0,4.1716362e-07,0
1,0.6308186,1
1,0.9999851,1
0,5.3161425e-06,0
0,0.00021038178,0
0,0.024626508,0
0,0.034121573,0
1,0.9984432,1
0,0.535913,1
1,0.99702317,1
0,0.24063218,0
1,0.99927324,1
1,0.9457943,1
0,6.0257426e-05,0
0,0.144209,0
0,3.3005865e-05,0
0,0.02443093,0
1,0.9932944,1
1,0.9944243,1
1,0.21008849,0
0,2.9790725e-05,0
0,1.9800505e-06,0
1,0.9999722,1
1,0.587042,1
1,0.40770164,0
0,0.5315264,1
1,0.9935091,1
1,0.9954483,1
0,0.00025815063,0
1,0.99980575,1
0,0.3286948,0
0,0.0143398745,0
0,2.6006912e-05,0
0,0.002156403,0
0,0.00031760932,0
0,1.9765903e-06,0
1,0.9023886,1
1,0.9955576,1
0,3.77818e-05,0
0,0.0004892435,0
0,0.22404245,0
0,0.0012429619,0
1,0.97408086,1
1,0.99999714,1
1,0.9773373,1
0,4.0527066e-06,0
0,0.09009233,0
0,5.6855464e-05,0
0,1.1716086e-05,0
0,0.018570848,0
0,0.44805583,0
0,0.000111084824,0
0,0.009916685,0
0,2.5417248e-05,0
0,0.00034368577,0
1,0.9999995,1
0,0.0006519035,0
0,0.04349006,0
0,0.004224902,0
0,7.222299e-07,0
1,0.38452542,0
0,0.18159066,0
0,0.018571926,0
0,0.049097627,0
1,0.20258537,0
0,2.6220132e-05,0
0,1.4944864e-05,0
0,0.052578487,0
1,0.30146828,0
1,0.97513336,1
1,0.89100945,1
0,9.61561e-07,0
1,0.9930387,1
0,0.00013267378,0
0,2.3245242e-05,0
1,0.9960555,1
1,0.9938114,1
0,1.6386922e-06,0
0,0.12921831,0
0,0.06934011,0
0,4.535914e-05,0
0,0.00055753114,0
1,0.98912793,1
1,0.90483475,1
0,0.019891573,0
0,0.00077134214,0
0,0.00014273518,0
0,0.00036648943,0
1,0.9880299,1
0,0.2505275,0
0,0.17113425,0
0,0.0020538208,0
0,2.5102077e-06,0
0,0.06986502,0
0,0.023246212,0
0,1.8871604e-05,0
0,0.001222153,0
1,0.89496166,1
1,0.86264133,1
0,0.016165359,0
0,0.022420038,0
0,0.0012737378,0
1,0.9999993,1
1,0.99773765,1
0,0.008497118,0
0,0.04516724,0
0,0.002191228,0
1,0.9823369,1
0,0.00047225578,0
0,0.020160886,0
1,0.7941419,1
0,0.00011658824,0
1,0.7389994,1
1,0.8361474,1
1,1.0,1
1,0.62607515,1
0,0.00026752363,0
1,0.67846054,1
0,0.0009554842,0
0,1.514621e-06,0
1,0.9999863,1
0,0.00049840857,0
0,1.1582595e-05,0
0,0.010236938,0
1,0.99998593,1
0,0.09528396,0
0,0.551793,1
0,3.5043635e-05,0
0,2.0649557e-06,0
0,8.897052e-06,0
1,0.99999964,1
0,7.756836e-05,0
0,0.0002905861,0
0,0.070008345,0
1,0.9884752,1
1,0.9729374,1
1,0.9684201,1
0,3.108855e-07,0
1,0.9985305,1
0,0.035737447,0
0,0.00015030477,0
0,0.00014919172,0
0,8.207133e-05,0
0,2.215823e-05,0
1,0.2224419,0
0,1.2644434e-06,0
1,0.7912442,1
1,0.9846838,1
0,0.00018048416,0
0,0.009850034,0
1,0.99135953,1
1,0.9945808,1
0,0.0027937628,0
1,0.99999034,1
0,0.006633385,0
0,0.060413767,0
1,0.99988866,1
1,0.21607716,0
0,0.0013428817,0
0,0.10847296,0
0,7.076396e-07,0
0,1.1674563e-05,0
1,0.960771,1
1,0.9800618,1
0,8.703337e-06,0
0,0.083603345,0
0,0.0039095185,0
0,0.038978465,0
1,0.99958605,1
0,1.6180479e-06,0
0,0.31787205,0
0,2.1302716e-07,0
0,0.00032109994,0
0,6.0143295e-05,0
0,6.361215e-05,0
0,0.4550024,0
1,0.50112575,1
1,0.99737597,1
1,0.90803665,1
1,0.9946824,1
0,5.9351026e-07,0
0,0.0002372916,0
1,0.99906033,1
0,9.3481394e-05,0
0,2.2055601e-05,0
0,7.545357e-05,0
0,6.8354326e-05,0
1,0.59838164,1
1,0.9988273,1
0,0.00032787237,0
0,0.00012420665,0
0,0.00035104246,0
0,0.2668553,0
0,5.636779e-06,0
0,7.170033e-07,0
0,5.0852672e-05,0
0,1.1444348e-05,0
0,4.1595908e-05,0
0,0.0002802011,0
0,0.3076066,0
1,0.9784001,1
0,0.018994672,0
1,0.9999701,1
1,0.6485097,1
0,0.00027838082,0
0,4.3637247e-06,0
0,0.00012283471,0
0,0.012904805,0
0,5.7665225e-06,0
0,0.1852244,0
1,0.9999238,1
1,0.9830116,1
0,0.00039976038,0
0,1.4516348e-05,0
1,0.91716456,1
0,0.00025950713,0
0,0.65872556,1
1,0.9999021,1
1,0.99999976,1
0,0.0041240235,0
1,0.1896961,0
1,0.9749146,1
0,1.0383477e-06,0
0,0.004448253,0
0,0.0050272164,0
0,0.0013230767,0
0,3.8961305e-05,0
0,1.7140954e-05,0
1,0.9704428,1
1,0.9993125,1
1,0.99051636,1
0,0.12577386,0
1,0.9838091,1
0,0.00012344436,0
0,0.07213129,0
1,0.30454877,0
0,0.0011107017,0
0,0.0033021304,0
0,0.0038092518,0
0,0.0015360402,0
0,3.507332e-05,0
0,2.0578904e-05,0
0,5.0970105e-08,0
1,0.20604397,0
0,3.1780542e-05,0
0,0.003796064,0
1,0.99839526,1
1,0.15083474,0
0,1.8463974e-05,0
1,0.9825811,1
0,8.9599935e-06,0
0,0.00025385563,0
1,0.79809964,1
1,0.5080097,1
1,0.99999964,1
1,0.99823004,1
1,0.865938,1
1,0.9947425,1
1,0.9432829,1
0,0.7941178,1
1,0.49632317,0
1,0.99348927,1
0,0.035789803,0
1,0.98301876,1
0,0.00025908908,0
0,0.0107372645,0
1,0.9998472,1
0,0.3032343,0
1,0.25640517,0
0,0.00050542643,0
1,0.9975706,1
0,0.03636995,0
1,0.9999832,1
0,0.00010676227,0
0,0.00148176,0
0,0.0018938766,0
0,4.0651285e-06,0
0,0.00024295867,0
0,0.01678021,0
0,0.014932271,0
1,0.94970745,1
0,9.9517365e-06,0
0,0.002409541,0
1,0.9995504,1
1,0.93866354,1
0,0.028965458,0
1,0.99981385,1
1,0.99482626,1
0,0.000242002,0
0,0.003589521,0
1,0.998836,1
0,0.004028969,0
1,0.99876714,1
0,0.024952525,0
0,0.09601307,0
0,0.02801953,0
0,0.00048935495,0
1,0.99993956,1
0,5.6241788e-05,0
0,0.3482305,0
0,3.6747846e-05,0
0,8.983582e-06,0
0,0.07128252,0
0,6.095483e-06,0
0,0.008234042,0
0,0.00030598597,0
0,0.0044469777,0
0,0.28398478,0
0,1.0303595e-05,0
1,0.9999999,1
0,0.12107228,0
1,0.9901129,1
0,0.0011901447,0
0,0.00014652488,0
1,0.9977812,1
1,0.9999707,1
0,0.07978089,0
1,0.9973469,1
1,0.23534986,0
1,0.54555106,1
1,0.26708686,0
0,0.0041738837,0
0,0.00010090242,0
1,0.9028667,1
1,0.9972192,1
0,7.7645507e-07,0
1,0.9807066,1
0,0.0007287723,0
1,0.7850675,1
0,2.0236414e-06,0
1,0.94102013,1
0,1.6630966e-05,0
1,0.73913306,1
0,0.0017055187,0
1,0.54203755,1
1,0.84809315,1
0,8.0984086e-07,0
0,0.12675849,0
1,0.9998318,1
1,0.9964307,1
0,0.0022140616,0
0,0.00021383168,0
0,1.3276132e-05,0
0,1.4543509e-06,0
0,0.0001440122,0
0,1.1881326e-06,0
0,0.007825561,0
0,1.9751658e-06,0
0,0.118643284,0
0,0.3875241,0
0,0.0052307793,0
1,0.980507,1
0,0.00090554147,0
0,1.1347626e-06,0
1,0.9961365,1
0,0.081038564,0
1,0.4880636,0
1,0.9995901,1
1,0.9936261,1
1,0.60937834,1
1,0.97307014,1
1,0.99408084,1
0,0.00048156225,0
0,0.2057192,0
0,8.93047e-05,0
0,0.07200788,0
0,0.00034378064,0
0,1.855e-07,0
0,2.7450126e-06,0
1,0.99996805,1
0,0.00068578083,0
0,0.010180521,0
0,0.0038783944,0
0,2.8176033e-05,0
0,0.024335602,0
0,0.02744077,0
1,0.47849578,0
0,0.00416465,0
0,0.0005368602,0
0,0.0030116749,0
1,0.9999995,1
1,0.99746644,1
0,0.23988473,0
0,0.0558054,0
1,0.9997589,1
0,0.0005384709,0
0,0.0032031152,0
0,0.0001495227,0
0,3.704493e-07,0
0,0.013144019,0
1,0.999915,1
1,0.33326116,0
1,0.6684062,1
1,0.9999993,1
0,0.0012195598,0
0,0.047027502,0
0,1.4536865e-05,0
0,1.3617651e-07,0
0,0.011918818,0
1,0.9999999,1
1,0.9812261,1
0,0.020297801,0
1,0.95765656,1
0,1.6501907e-06,0
0,0.024940718,0
0,0.012395641,0
0,0.00080349005,0
0,0.02094274,0
0,0.008381555,0
1,0.99999976,1
0,0.037921347,0
1,0.9921936,1
1,0.6999945,1
0,0.0008299616,0
0,2.4526857e-06,0
1,0.99797136,1
0,0.014270566,0
0,0.00032894002,0
1,0.99994195,1
0,1.5008309e-05,0
0,1.5523175e-06,0
0,0.012732271,0
1,0.99997497,1
0,0.014740431,0
0,0.003086919,0
1,0.99929154,1
0,1.0765177e-05,0
0,9.463618e-05,0
0,0.00041954013,0
0,9.015995e-05,0
0,0.00011770744,0
0,0.00031236288,0
0,0.13823895,0
1,0.86838996,1
1,0.890225,1
1,0.99900025,1
1,0.99998033,1
0,1.1115203e-06,0
1,0.9648447,1
0,7.1994664e-06,0
0,0.00228109,0
1,0.96862227,1
0,0.38712588,0
1,0.9833029,1
1,0.93328863,1
1,0.87960416,1
0,0.0011017496,0
0,0.00028340283,0
0,0.0019908245,0
0,0.000103703394,0
1,0.83364874,1
1,0.9755145,1
0,0.32587528,0
0,9.978477e-07,0
0,0.17168805,0
1,0.8274158,1
0,0.0005137471,0
0,0.029011536,0
0,0.00353464,0
0,0.00010600832,0
1,0.99999845,1
1,0.9801119,1
0,9.1593765e-06,0
0,0.07838602,0
0,0.08141717,0
0,0.08463631,0
0,0.007924641,0
0,2.5401667e-05,0
0,0.005791023,0
0,1.2960712e-07,0
0,0.0006052269,0
1,0.90040106,1
1,0.6772351,1
1,0.7103334,1
1,0.9566565,1
0,0.18809897,0
1,0.96365994,1
0,0.03000532,0
0,0.07294328,0
1,0.07252995,0
0,0.07878401,0
0,5.476871e-06,0
0,2.2106042e-06,0
0,0.009503422,0
0,0.0035094183,0
0,0.09407019,0
1,0.99871004,1
0,0.0003188815,0
0,3.1628574e-07,0
1,0.9852819,1
0,5.8706075e-08,0
0,1.4544214e-05,0
0,3.8205003e-06,0
1,0.99998844,1
1,0.47417837,0
1,0.98908526,1
1,0.9962739,1
0,7.968956e-08,0
1,0.94248664,1
0,1.7302046e-06,0
0,0.01019781,0
0,0.0066547603,0
0,2.1898979e-05,0
1,0.64686996,1
0,0.009255788,0
0,0.010209035,0
0,7.402461e-07,0
0,0.16998254,0
0,3.5817047e-06,0
1,0.8695579,1
0,0.000103801445,0
0,4.386209e-06,0
0,0.012050453,0
1,0.78382653,1
0,0.0003962268,0
0,0.02156002,0
0,0.1294647,0
0,2.3816543e-05,0
0,0.15285301,0
0,0.0001429155,0
0,0.00064846815,0
0,0.017461168,0
0,0.0007204043,0
0,2.8673572e-05,0
1,0.5078209,1
1,0.97541296,1
1,0.987421,1
0,0.010103737,0
0,0.39579234,0
0,0.13782233,0
0,0.26269025,0
0,0.07720243,0
0,0.0035272427,0
1,0.996976,1
0,0.027924148,0
1,0.9784077,1
1,0.997009,1
0,0.048582748,0
0,0.03471105,0
1,0.9006404,1
1,0.95909023,1
0,0.00045252958,0
1,0.9988446,1
0,0.004824103,0
0,3.997542e-05,0
1,0.98183364,1
0,0.026170878,0
1,0.90303713,1
0,0.0001205311,0
0,0.0009025348,0
0,0.055543147,0
0,0.0017285782,0
0,0.16396777,0
1,0.99999285,1
0,5.8441212e-05,0
1,0.97300535,1
1,0.6484663,1
0,2.9548048e-05,0
0,0.08317305,0
0,0.08892068,0
0,0.0076077664,0
0,0.00024753716,0
0,0.009262792,0
0,0.00033812303,0
1,0.88233244,1
0,1.860707e-07,0
1,0.9074879,1
1,0.9999963,1
0,0.02330513,0
0,0.0021247186,0
0,0.08534625,0
0,2.6207283e-05,0
0,0.47837588,0
0,0.0011279323,0
1,0.9999757,1
0,4.8541256e-06,0
1,0.9988961,1
1,0.9993672,1
1,0.7245322,1
1,0.81396836,1
0,0.0031399825,0
1,0.9992238,1
1,0.98032093,1
1,0.9333176,1
0,9.8285454e-05,0
0,0.026215892,0
1,0.9981183,1
0,3.4521316e-05,0
0,0.4031975,0
0,6.2524436e-05,0
1,0.9920894,1
0,0.00026190074,0
1,0.9521363,1
0,1.228617e-05,0
1,0.99897194,1
1,0.9962537,1
0,0.020723224,0
0,3.8389928e-07,0
0,0.001079231,0
0,0.0017783509,0
0,0.0028488135,0
0,0.15283665,0
0,5.3654967e-05,0
0,0.04403565,0
0,7.486536e-05,0
1,0.9273263,1
1,0.5797304,1
1,0.98785454,1
0,0.002152866,0
0,0.02288661,0
0,4.5824785e-05,0
0,1.9710092e-06,0
1,0.89675343,1
0,0.10033299,0
1,0.9979044,1
1,0.9999981,1
0,5.4833095e-06,0
0,0.0028730498,0
0,2.5352792e-06,0
1,0.9934075,1
1,0.95770764,1
0,2.7311598e-06,0
0,0.012270564,0
0,0.0001927302,0
1,0.99870193,1
1,0.9964149,1
0,4.881359e-05,0
0,0.008630826,0
0,0.6933448,1
0,0.0003961575,0
1,0.9999883,1
0,0.14914761,0
0,2.4660343e-05,0
0,0.025372444,0
0,0.0013733311,0
0,0.00022644021,0
0,9.83388e-05,0
1,0.7670116,1
1,0.9738038,1
1,0.50762355,1
0,0.07060045,0
1,0.99363303,1
0,3.41292e-05,0
1,0.19215384,0
1,0.97348523,1
1,0.9996101,1
0,0.6826472,1
0,4.4204662e-05,0
1,0.9835776,1
1,0.9652685,1
1,0.8107331,1
0,1.2488136e-05,0
1,0.8357183,1
0,0.00019260636,0
1,0.99893445,1
0,0.21981417,0
0,0.13865945,0
1,0.95698553,1
0,1.130027e-05,0
1,0.99998975,1
1,0.9998036,1
0,0.0045036273,0
0,0.0010007098,0
0,0.058397602,0
1,0.9999993,1
0,0.21924596,0
1,0.99902344,1
0,2.5245836e-06,0
1,0.9997968,1
0,2.126399e-05,0
1,0.8201125,1
0,5.33404e-05,0
1,0.9999182,1
1,0.9694847,1
1,0.9918853,1
1,0.9979925,1
1,0.874729,1
1,0.96441364,1
0,0.19765137,0
0,1.8626293e-05,0
0,0.00013508071,0
0,2.2123433e-05,0
1,0.84403974,1
0,9.8553556e-08,0
0,4.926374e-06,0
1,0.9999999,1
0,0.00036377055,0
0,0.019979494,0
0,0.11988535,0
1,0.9474017,1
1,0.99778074,1
0,0.15189952,0
0,0.030174987,0
0,3.0046567e-05,0
0,0.0019858775,0
0,3.0868244e-07,0
1,0.99245,1
1,0.9870259,1
1,0.9991049,1
0,0.00084925856,0
0,0.0011178827,0
0,6.951468e-05,0
0,6.169322e-06,0
1,0.9999372,1
0,0.12773289,0
1,0.9998605,1
0,0.005514609,0
0,0.00020120149,0
1,0.7688621,1
0,0.0004303037,0
0,1.9595598e-05,0
1,0.9996617,1
1,0.9948213,1
0,4.1699658e-07,0
0,0.0020438645,0
0,0.013805741,0
0,0.0024191607,0
0,0.003343328,0
1,0.9969472,1
1,0.9955413,1
0,0.0001235315,0
0,0.00077927514,0
0,0.030641353,0
0,0.09272849,0
0,1.5672476e-06,0
0,0.0012565092,0
0,0.0058037974,0
1,0.5431533,1
1,0.8348458,1
1,0.8736665,1
0,0.0033662047,0
0,7.620599e-06,0
0,0.33295953,0
0,0.00466065,0
0,2.7065946e-05,0
0,0.01506485,0
1,0.28836846,0
0,0.00040124592,0
1,0.984783,1
1,0.8940127,1
0,0.34992453,0
1,0.4781764,0
1,0.7297871,1
1,0.99998486,1
1,0.9945181,1
0,1.3324154e-05,0
1,0.9999368,1
0,0.19708277,0
0,1.0062372e-05,0
1,0.9948019,1
0,0.00021350509,0
0,0.019045109,0
0,0.05865335,0
1,0.99866176,1
1,0.99971133,1
0,9.795872e-05,0
1,0.8734424,1
0,0.0016053406,0
1,0.9817861,1
0,9.638683e-05,0
1,0.9787933,1
1,0.9925782,1
0,5.618317e-06,0
1,0.979326,1
1,0.47761706,0
1,0.9323573,1
1,0.95814455,1
0,3.7173218e-06,0
0,5.007095e-05,0
1,0.7053552,1
1,0.9803704,1
0,1.9827363e-07,0
1,0.99974626,1
1,0.97833186,1
0,0.0065943557,0
0,4.1376457e-05,0
0,0.0025885839,0
0,0.3725253,0
0,0.038783543,0
0,3.6424163e-07,0
0,0.032712657,0
1,0.9996667,1
1,0.9992685,1
0,1.853297e-05,0
1,0.99841905,1
0,1.8718232e-06,0
0,0.092425935,0
1,0.9999938,1
0,0.23427542,0
1,0.9969405,1
0,0.46628413,0
1,0.9974566,1
1,0.97182447,1
1,0.6503123,1
1,0.9977138,1
1,0.9914664,1
0,0.18423182,0
1,0.9979862,1
0,3.1399606e-05,0
0,0.00019954963,0
0,8.132338e-06,0
0,0.5824948,1
0,0.00010786478,0
1,0.9320158,1
1,0.99982494,1
0,0.0063002165,0
0,0.001968925,0
1,0.9964078,1
0,8.559238e-07,0
0,7.829763e-05,0
0,0.021492006,0
0,0.7994297,1
1,0.91162944,1
0,0.000118803495,0
1,0.99385685,1
1,0.9999963,1
0,0.00037582783,0
1,0.65572095,1
0,6.665255e-05,0
0,1.6006192e-06,0
0,0.0056255553,0
0,0.00042053635,0
0,0.00059593254,0
0,0.32020327,0
1,0.9998253,1
1,0.982157,1
1,0.9943401,1
1,0.99566144,1
0,0.0025230907,0
0,0.0036929797,0
0,0.00015237961,0
0,3.589175e-05,0
1,0.99999356,1
1,0.9999939,1
0,0.015146455,0
0,6.5340973e-06,0
0,0.120019004,0
0,6.5689335e-07,0
0,0.2329618,0
1,0.85918605,1
0,0.0008220401,0
0,7.279746e-05,0
1,0.99998724,1
1,0.9928982,1
0,0.0097396225,0
0,0.029889101,0
0,1.3696382e-05,0
0,1.5519028e-05,0
0,1.0961158e-05,0
0,0.0012405822,0
1,0.9887426,1
0,0.0012041081,0
0,0.025343984,0
1,0.9947443,1
1,0.99847895,1
0,4.065605e-06,0
0,0.011489082,0
0,0.32709798,0
1,0.9991842,1
0,0.00027174185,0
0,0.0002577866,0
0,0.012964912,0
0,0.04208177,0
0,0.004249717,0
1,0.99974054,1
0,7.536771e-05,0
0,1.3648842e-05,0
1,0.9999999,1
1,0.9998355,1
1,0.99996936,1
0,1.773603e-05,0
1,0.6112517,1
1,0.9999857,1
0,0.040060963,0
1,0.99327636,1
1,0.9993212,1
0,0.0077044573,0
0,0.00020187636,0
1,0.99839276,1
0,0.13173841,0
1,0.21004127,0
0,0.0059315413,0
0,0.0039577885,0
0,0.0015025795,0
1,0.99897885,1
0,0.012233702,0
0,0.13021159,0
1,0.99933654,1
0,1.0296768e-05,0
0,0.00018574129,0
0,0.0141006075,0
0,3.1096483e-06,0
0,0.0020326395,0
1,0.99999416,1
1,0.99541724,1
1,0.34620482,0
0,8.6570035e-05,0
0,5.3637777e-05,0
0,0.0037255157,0
0,8.780402e-06,0
0,0.0241492,0
1,0.99995244,1
0,0.005679764,0
1,0.9972264,1
0,0.0004580596,0
1,0.9990113,1
1,0.9737239,1
0,0.0009157931,0
1,1.0,1
1,0.9996315,1
0,0.00064593117,0
0,2.1087055e-06,0
1,0.9498991,1
0,1.2797509e-06,0
0,1.9136745e-05,0
1,0.9956678,1
0,0.00024798693,0
1,0.9999975,1
0,0.00037939957,0
0,0.03237572,0
1,0.96553606,1
0,0.04511171,0
1,0.73703766,1
1,0.98566717,1
0,7.672477e-05,0
0,1.2256271e-05,0
1,0.29265952,0
0,2.2982347e-06,0
0,5.7419984e-06,0
0,0.10999127,0
1,0.99611664,1
0,0.0011650189,0
1,0.99942553,1
1,0.99994934,1
0,0.009423204,0
0,0.00017750937,0
1,0.9555855,1
0,0.00082323194,0
1,0.84377706,1
1,0.90577686,1
0,0.0016261132,0
0,0.000724378,0
0,0.0011208417,0
1,0.9957248,1
0,0.006129505,0
0,0.104995795,0
1,0.8701192,1
1,0.97352546,1
0,2.7796943e-05,0
1,0.9649918,1
0,0.031273108,0
0,0.037930306,0
0,0.00041138666,0
1,0.9643884,1
1,0.4185994,0
1,0.19878173,0
1,0.91213614,1
0,0.0031499537,0
0,1.7108e-05,0
0,9.693596e-07,0
0,2.457594e-05,0
0,1.07579226e-07,0
1,0.9272217,1
1,0.7644621,1
1,0.9993187,1
1,0.81939507,1
1,0.9932788,1
0,0.24452966,0
0,5.8024118e-05,0
0,3.0870942e-06,0
1,0.99809116,1
1,0.7230183,1
0,0.004395142,0
1,0.91613686,1
1,0.99993956,1
0,0.00034058842,0
0,0.00103813,0
0,0.00014246228,0
0,0.0061538937,0
0,0.00011414208,0
0,0.030000865,0
1,0.9999976,1
1,0.9513471,1
1,0.9964167,1
1,0.9999466,1
0,0.00085435295,0
1,0.9999994,1
0,8.970955e-06,0
0,0.0036257762,0
0,0.019524511,0
0,0.0024782065,0
1,0.99994063,1
0,2.5960426e-06,0
0,0.056970995,0
0,0.0037260219,0
0,2.1961819e-07,0
0,1.652345e-06,0
1,0.8749754,1
0,0.000519494,0
1,0.99989307,1
0,0.008399654,0
1,0.9667018,1
0,0.008982389,0
0,2.252975e-06,0
0,8.296015e-06,0
0,0.00032974852,0
0,0.027801035,0
0,0.24264555,0
0,0.0014509112,0
0,0.0003674832,0
1,0.97472805,1
1,0.9247227,1
1,0.96094406,1
0,0.015765905,0
1,0.99324894,1
0,0.12244999,0
1,0.9995509,1
1,0.9935272,1
1,0.8372637,1
0,2.2407812e-05,0
0,0.0015158968,0
0,2.0812008e-06,0
0,0.00073879206,0
0,0.00010969922,0
1,0.49485415,0
0,2.2061051e-05,0
0,0.018831182,0
0,0.005847709,0
1,0.99043113,1
0,4.6075997e-06,0
0,0.05867221,0
0,1.4824337e-05,0
1,0.9245923,1
0,2.1693322e-06,0
1,0.9881467,1
0,0.008390981,0
1,0.99953365,1
0,0.0133591825,0
1,1.0,1
1,0.9999982,1
0,7.132263e-06,0
0,0.007102405,0
1,0.9999981,1
0,0.006308772,0
0,0.00016468107,0
0,1.0450731e-05,0
1,0.9999863,1
1,0.9983589,1
1,0.999985,1
0,0.00016545688,0
0,0.026720157,0
1,0.9705903,1
0,0.5439594,1
0,5.5776636e-06,0
1,0.9825058,1
0,0.00037110833,0
1,0.9638966,1
1,0.9996549,1
0,0.002021327,0
0,7.285651e-06,0
0,0.0005726105,0
0,0.30629712,0
0,0.033566914,0
1,0.9803576,1
0,3.946471e-07,0
1,0.6399835,1
0,9.3866656e-05,0
0,0.00035053818,0
1,0.86154777,1
1,0.97916245,1
1,0.97392184,1
0,7.987755e-06,0
1,0.37065503,0
0,0.00014111852,0
1,0.6789594,1
0,5.6171466e-05,0
0,6.470861e-07,0
0,0.00033906268,0
0,0.004579304,0
0,0.0060582054,0
0,0.00053194223,0
0,0.004552698,0
1,0.9987657,1
0,0.07440504,0
0,0.00029684047,0
0,0.00011168003,0
0,0.14611258,0
1,0.89176834,1
0,0.00089660275,0
0,0.000118288255,0
1,0.86914015,1
0,8.569252e-07,0
0,0.04997109,0
0,0.013417886,0
0,3.0664023e-06,0
0,7.406699e-05,0
0,0.079351604,0
0,0.0018343332,0
0,0.00054950017,0
1,0.98623556,1
1,0.9992348,1
0,0.07000279,0
0,0.00021131217,0
0,0.088693485,0
1,0.24509281,0
1,0.99985456,1
0,0.66882056,1
0,3.3788817e-06,0
0,2.302741e-06,0
0,0.05984986,0
0,0.0001730334,0
0,0.0121391965,0
0,4.245288e-06,0
1,0.9710627,1
1,1.0,1
1,0.43965083,0
1,0.9963476,1
0,0.06664078,0
1,0.67943364,1
1,0.999966,1
0,0.0347169,0
1,0.6263765,1
0,2.1260725e-05,0
0,5.342032e-05,0
0,7.683152e-06,0
0,0.05275228,0
1,0.9999641,1
0,0.02266575,0
0,0.0073090615,0
0,2.2383827e-05,0
1,0.6445171,1
0,2.9284523e-05,0
1,0.96983725,1
1,0.7944267,1
0,2.1439973e-06,0
0,0.0024466643,0
1,0.93429774,1
1,0.9670174,1
1,0.96970123,1
0,0.0095781805,0
0,2.65109e-06,0
1,0.9999833,1
0,0.0005728272,0
0,0.00044583168,0
1,0.2758336,0
1,0.2355355,0
0,4.08662e-06,0
0,0.000115945324,0
0,0.00023153271,0
0,2.1896078e-06,0
0,2.901059e-07,0
1,0.999824,1
0,0.46612626,0
1,0.9919652,1
0,0.013495211,0
0,0.04327219,0
1,0.99998546,1
1,0.9826675,1
0,3.2936157e-05,0
0,1.6798238e-05,0
0,9.4096856e-07,0
1,0.96714437,1
0,0.050880406,0
1,0.99945503,1
0,0.0028193144,0
0,0.0008324835,0
1,0.99956733,1
0,0.00010355764,0
1,0.72556144,1
1,0.6236627,1
0,3.9496263e-05,0
0,2.0530993e-06,0
0,0.00019064224,0
0,6.191337e-05,0
1,0.6709947,1
0,5.3095377e-05,0
0,3.5850746e-06,0
0,1.8339326e-05,0
0,2.5181458e-05,0
0,6.162568e-05,0
1,0.9982376,1
0,1.3395785e-06,0
1,0.9797633,1
0,0.074383035,0
0,8.3517225e-05,0
0,0.00017285152,0
0,0.00022768872,0
1,0.98003596,1
1,0.6519747,1
1,0.97952783,1
1,0.99929345,1
1,0.66539377,1
1,0.99604285,1
1,0.980946,1
1,0.61194867,1
1,0.87837577,1
0,0.000734308,0
0,0.086205274,0
1,0.5525744,1
1,0.98592675,1
0,0.2937487,0
0,2.846322e-05,0
1,0.98967415,1
0,6.849129e-06,0
0,0.031280663,0
1,0.44589925,0
1,0.92537177,1
1,0.76890844,1
0,0.028636629,0
1,0.99999607,1
0,0.00028070994,0
0,0.0001009438,0
0,0.004770878,0
1,0.97903436,1
0,1.45042e-06,0
0,2.3208008e-07,0
0,0.0004528189,0
0,0.0007432686,0
1,0.58309156,1
0,0.065397345,0
1,0.90446824,1
0,1.0383674e-05,0
0,0.2021905,0
0,0.006720372,0
1,0.9986584,1
0,0.19621105,0
1,0.98914415,1
1,0.9821891,1
0,0.02051893,0
1,0.9914396,1
0,0.00022963433,0
0,9.6866155e-05,0
0,5.046898e-05,0
0,0.04439434,0
0,1.51642635e-05,0
1,0.9930782,1
1,0.933285,1
0,0.03760886,0
1,0.9874764,1
0,0.00011923988,0
0,0.026140515,0
1,0.9999963,1
1,0.8252466,1
0,0.0001122873,0
0,0.12725304,0
1,0.6245309,1
1,0.9758833,1
0,0.020464731,0
0,9.558158e-07,0
1,0.8438895,1
0,4.8812917e-06,0
0,0.009296086,0
0,7.201455e-05,0
0,1.5378564e-05,0
0,5.872293e-07,0
1,0.9979126,1
0,0.7601931,1
1,0.99520856,1
0,0.00011009955,0
0,5.6183468e-05,0
0,0.015015495,0
0,0.05377768,0
0,0.33171812,0
0,0.00011181162,0
0,3.8165694e-05,0
0,0.80204815,1
1,0.59175086,1
1,0.9999757,1
0,1.0516025e-05,0
0,0.00072817534,0
0,0.013033591,0
0,0.008765518,0
0,0.0024754945,0
1,1.0,1
0,1.1168694e-05,0
1,0.998616,1
0,0.025187189,0
0,0.16160175,0
0,0.00080183224,0
0,7.690541e-06,0
0,0.0012526667,0
0,3.0234549e-05,0
0,8.314866e-05,0
0,0.63892233,1
0,6.7588653e-06,0
0,0.00011650378,0
1,0.8486134,1
0,4.2935853e-06,0
0,7.650486e-05,0
0,1.9324374e-07,0
1,0.9999889,1
1,0.99163824,1
0,0.121747315,0
0,0.0008239006,0
0,3.5962682e-07,0
1,0.99614716,1
1,0.9011538,1
0,0.00068463216,0
0,0.0004986267,0
0,0.021679936,0
0,0.030479841,0
0,0.0014279364,0
0,0.31678322,0
1,0.99949026,1
0,0.008523472,0
1,0.9995739,1
0,7.490569e-08,0
0,3.2992068e-06,0
0,0.00050679024,0
1,0.99644864,1
1,0.44699517,0
0,0.00032500766,0
1,0.81966746,1
1,0.12996112,0
1,0.64862764,1
0,1.1701124e-05,0
0,0.60696894,1
0,0.0005595467,0
1,0.99743974,1
0,0.0003322056,0
0,0.00013892647,0
0,2.4376952e-05,0
1,0.69175255,1
0,0.2849624,0
1,0.9999889,1
1,0.99883074,1
0,0.0001677215,0
0,0.0019757084,0
0,2.9975132e-07,0
0,0.39327943,0
0,5.114886e-05,0
1,0.99912435,1
1,0.99974555,1
0,0.011081494,0
0,2.2210008e-06,0
1,0.9987845,1
0,0.001936598,0
1,0.30131772,0
0,3.2453017e-06,0
0,8.642129e-07,0
1,0.9480987,1
0,0.121106535,0
1,0.92019975,1
0,0.0038251525,0
1,0.9336452,1
0,0.28486502,0
0,0.37726748,0
0,0.0024357478,0
1,0.634815,1
0,0.5245235,1
1,0.9585193,1
1,0.653066,1
0,5.7748053e-05,0
1,0.99069715,1
0,0.0055309953,0
1,0.8248751,1
1,0.99896073,1
0,0.0008879978,0
0,6.2057064e-05,0
1,0.99317706,1
1,0.9999999,1
0,0.014172246,0
0,0.00019262712,0
1,0.9875552,1
0,0.069868706,0
1,0.5862541,1
0,0.0005035724,0
1,0.935809,1
1,0.99997103,1
1,0.72547364,1
0,9.470714e-05,0
0,0.028193356,0
0,0.0053335032,0
1,0.99999964,1
0,0.000110182205,0
0,0.13169537,0
0,0.0017280795,0
0,0.009335093,0
0,0.40437156,0
1,0.98892444,1
0,0.0036827512,0
0,0.0020102952,0
0,0.002811947,0
1,0.9771912,1
1,0.9959357,1
1,0.9828843,1
0,0.00012244763,0
0,0.13059427,0
0,1.0644124e-05,0
0,0.002835718,0
0,0.02332965,0
1,0.9999999,1
1,0.99861896,1
0,0.0035621568,0
0,0.040700197,0
1,0.70822704,1
1,0.9759519,1
0,0.00011795755,0
0,0.0856174,0
1,1.0,1
0,0.0049483026,0
0,2.7500868e-05,0
0,0.018326044,0
1,0.9353957,1
0,0.00013626301,0
1,0.5750162,1
1,0.83472073,1
1,0.867044,1
1,0.99860317,1
1,0.98237604,1
0,2.8120601e-05,0
0,1.540766e-05,0
0,0.0032993364,0
1,0.97033095,1
0,2.0596339e-05,0
0,4.1400117e-06,0
0,6.722622e-06,0
0,5.6510056e-05,0
0,0.00046522083,0
0,0.00072818814,0
0,0.0070703905,0
1,0.45480454,0
1,0.99999714,1
0,3.2845665e-07,0
0,0.00021175851,0
0,5.086118e-06,0
0,0.00038980448,0
0,0.0010884565,0
1,0.999342,1
0,1.6948264e-06,0
0,0.120479755,0
0,7.823836e-05,0
0,1.0,1
0,0.00012528004,0
0,0.027661553,0
0,0.02212611,0
0,0.0008416738,0
0,0.007289071,0
0,0.32637748,0
0,4.0127866e-06,0
1,0.9928074,1
0,0.2998274,0
0,0.00061635626,0
0,3.2286876e-05,0
0,0.0009349787,0
1,0.5376771,1
1,0.9789829,1
1,0.99995637,1
1,0.9959881,1
0,0.00021745318,0
1,0.91080266,1
0,0.008197124,0
0,0.00014828559,0
1,0.9894685,1
1,0.9999995,1
0,3.971983e-05,0
0,0.00017882221,0
0,0.020612685,0
0,3.3767076e-06,0
0,0.84137404,1
0,1.896146e-05,0
0,3.441393e-05,0
0,0.00028464058,0
0,0.0020526815,0
0,8.7987886e-05,0
0,2.794107e-05,0
1,0.929958,1
1,0.9993074,1
1,0.99844944,1
1,0.9971226,1
0,0.00061327434,0
1,0.6581768,1
0,0.6344363,1
1,0.9999943,1
0,2.2459157e-05,0
1,0.9952572,1
1,0.9698233,1
0,0.13654827,0
0,0.10667545,0
0,0.0022842286,0
0,0.00024130296,0
0,2.1778684e-05,0
0,0.054223765,0
1,0.8815493,1
1,0.9780081,1
0,0.00038435438,0
0,0.00054304895,0
0,0.00080183864,0
0,9.337333e-05,0
0,5.2511925e-05,0
0,0.0031424433,0
0,1.3095847e-06,0
1,0.5232071,1
0,0.019123688,0
0,0.064754084,0
0,0.00010831438,0
0,0.46708408,0
0,7.3096817e-06,0
0,0.015924219,0
0,2.5519454e-05,0
1,0.96167296,1
0,0.06296107,0
0,0.6561972,1
1,0.97150403,1
1,0.9999701,1
1,0.99989223,1
0,0.0009585151,0
1,0.919346,1
0,0.016093947,0
0,0.00055026956,0
0,0.005676711,0
1,0.8619674,1
1,0.99861825,1
0,0.001012863,0
1,0.99998796,1
0,0.0012972808,0
0,0.0001243076,0
0,0.009470497,0
0,0.0001213882,0
1,0.99786,1
0,0.008341796,0
1,0.9341638,1
0,9.921402e-05,0
1,0.9724789,1
1,0.92218226,1
0,7.904934e-05,0
0,0.00026699007,0
0,0.010251461,0
0,8.276679e-07,0
1,0.79894763,1
1,0.9257919,1
0,0.072979175,0
0,8.278567e-05,0
1,0.9938652,1
1,0.6867216,1
0,2.533451e-05,0
1,0.96023166,1
0,3.0805124e-06,0
0,0.0002152743,0
0,8.148257e-05,0
0,0.022915374,0
1,0.93704367,1
0,5.757632e-06,0
1,0.99939096,1
0,5.2452685e-07,0
0,7.42167e-06,0
1,0.9402849,1
0,1.7288326e-05,0
0,3.0107089e-05,0
0,0.0002476108,0
0,0.08071647,0
1,0.987306,1
0,9.389194e-07,0
1,0.4738977,0
0,0.00020198726,0
0,1.5634468e-07,0
1,0.9983923,1
0,0.001471196,0
0,9.1384756e-08,0
0,0.001000229,0
0,0.22351012,0
0,0.0032463586,0
1,0.99592555,1
1,0.76984423,1
0,0.02621095,0
0,0.08875293,0
0,0.010939406,0
0,4.0591367e-05,0
0,0.13406232,0
0,2.6462643e-05,0
0,0.010010924,0
0,0.0014528787,0
0,2.9929317e-05,0
1,0.9997811,1
0,3.4172592e-07,0
1,0.9058467,1
0,0.077580385,0
0,0.00035607163,0
1,0.99883157,1
0,0.00038286689,0
0,0.07334085,0
0,5.5061962e-05,0
0,0.007807518,0
0,9.443691e-06,0
0,0.093114406,0
1,0.62965775,1
0,1.9493628e-07,0
0,9.023139e-07,0
1,0.9652268,1
0,0.44483635,0
0,0.019992586,0
1,0.9931492,1
0,6.4897995e-06,0
1,1.0,1
1,0.84351504,1
0,2.1168005e-05,0
0,0.00019744429,0
0,0.00057759305,0
0,5.7611698e-05,0
1,0.9865392,1
1,0.98958546,1
1,0.9949268,1
0,0.02007753,0
0,2.9711382e-06,0
0,0.0025544637,0
1,0.98427457,1
0,7.722893e-08,0
0,6.5766486e-05,0
0,0.61004674,1
0,4.300786e-06,0
1,0.9831766,1
0,5.482128e-06,0
1,0.9996525,1
0,0.020412864,0
1,1.0,1
1,0.9999989,1
0,0.00014157123,0
1,0.80607396,1
0,3.6546542e-05,0
1,0.999974,1
0,0.0011531239,0
0,0.42490357,0
1,0.37399676,0
1,0.38792226,0
0,0.12611842,0
0,0.0017344085,0
0,0.3125144,0
0,0.060306534,0
0,0.0426539,0
0,5.940369e-07,0
0,3.30069e-05,0
1,0.49428648,0
1,0.9996885,1
0,1.4999294e-05,0
0,1.5670533e-06,0
0,0.11305989,0
0,3.0789863e-05,0
1,0.9999987,1
0,3.0939005e-05,0
0,0.11134298,0
0,0.0046169907,0
0,7.54646e-07,0
0,0.59467113,1
1,1.0,1
0,0.0011459625,0
0,0.0015832523,0
1,0.96273935,1
1,0.95460993,1
0,0.0005528055,0
1,0.9693495,1
1,0.9853055,1
0,4.4304429e-07,0
0,0.060634166,0
0,0.00011313109,0
0,0.13423835,0
1,0.9998733,1
1,0.99924976,1
1,0.9993352,1
0,0.0019063578,0
1,0.9256335,1
1,0.40646884,0
1,0.9999926,1
0,1.1255861e-06,0
1,0.9726978,1
0,7.558265e-07,0
1,0.86943734,1
0,0.46806914,0
1,0.9964302,1
1,0.9999269,1
0,0.42218328,0
0,2.8131947e-06,0
0,0.0031240615,0
1,0.93662673,1
1,0.97555053,1
1,0.9157913,1
1,0.9998983,1
0,0.13358667,0
0,1.412333e-05,0
0,5.93901e-07,0
0,0.2854406,0
1,0.9996972,1
0,0.02852102,0
0,0.00014750377,0
1,0.91877866,1
0,0.0019160287,0
1,0.4931062,0
1,0.9631944,1
1,0.9813525,1
0,0.5374408,1
1,0.8366253,1
1,0.9999988,1
0,1.1166607e-06,0
0,3.5622572e-05,0
1,0.69632363,1
1,0.9069766,1
1,0.16534701,0
0,0.0017066768,0
0,8.890173e-06,0
1,0.9964437,1
0,0.003857965,0
0,0.0036237526,0
0,8.813585e-05,0
0,3.4578286e-06,0
1,0.92662853,1
0,0.009208844,0
0,0.008503018,0
0,0.0006735509,0
0,0.0010717981,0
1,0.9999496,1
1,0.99459475,1
0,3.1384337e-05,0
1,0.73026824,1
1,0.9995515,1
1,0.67572355,1
0,0.0008190216,0
0,2.9526751e-05,0
0,0.013097446,0
1,0.9999988,1
1,0.9954041,1
0,0.00094654394,0
0,8.5118745e-06,0
1,0.9999995,1
1,0.9785951,1
0,4.924115e-05,0
1,0.9995074,1
0,0.010750705,0
1,0.9998331,1
1,0.97873515,1
1,0.2683266,0
1,0.9836104,1
0,0.006576964,0
1,0.94858676,1
0,6.533118e-05,0
0,0.0005874352,0
0,3.8865528e-05,0
0,0.0006970772,0
0,0.016246071,0
1,0.9633145,1
1,0.7875076,1
0,0.22654605,0
1,0.9711086,1
1,0.9830399,1
1,0.9999994,1
0,0.0012470946,0
0,0.001316084,0
0,2.6025843e-06,0
1,0.99997985,1
1,0.99998415,1
1,0.999997,1
1,0.9757574,1
0,0.0019279583,0
0,1.7726328e-06,0
0,0.0008939719,0
0,2.429299e-05,0
1,0.95929646,1
0,0.069773726,0
1,0.978362,1
1,0.9273741,1
1,0.95188105,1
0,2.242356e-06,0
0,8.0884456e-05,0
0,3.1024001e-06,0
1,0.75442815,1
1,0.75328445,1
1,0.8814617,1
1,0.82967645,1
1,0.91720074,1
1,0.9701782,1
1,0.89935327,1
1,0.99995303,1
1,0.9122057,1
1,1.0,1
1,0.99986625,1
0,0.06804656,0
1,0.97606486,1
1,0.99999034,1
1,0.6774436,1
0,0.005255383,0
1,0.90689063,1
1,0.9994561,1
0,3.1631927e-05,0
1,0.9995435,1
1,0.9335133,1
0,1.1003534e-05,0
0,6.279983e-06,0
0,0.7418494,1
0,1.1031841e-05,0
0,0.013292024,0
0,0.032959204,0
1,0.9438832,1
1,0.97564924,1
1,0.99299026,1
0,0.0006898265,0
0,6.0653834e-05,0
1,1.0,1
0,0.00010616543,0
0,9.959707e-05,0
1,0.9878665,1
0,0.00039582758,0
1,0.99999714,1
0,8.820412e-05,0
1,0.68309563,1
0,1.1841954e-05,0
0,0.0013924257,0
1,0.8394483,1
0,1.2803899e-05,0
1,0.75485903,1
0,0.00015563368,0
1,0.5937963,1
0,0.01248646,0
0,0.0034595088,0
1,0.9337416,1
1,0.7340732,1
1,0.9562435,1
1,0.96362597,1
0,0.52099967,1
0,0.014637704,0
1,0.95542365,1
0,3.3822284e-06,0
0,8.237095e-07,0
0,0.02139461,0
0,2.4980165e-05,0
0,0.020948391,0
0,0.00021895426,0
1,0.8242537,1
0,0.0011552217,0
0,2.1738635e-06,0
1,0.9999776,1
0,0.00055799016,0
0,0.0004011853,0
0,0.009205155,0
0,1.5161254e-06,0
0,1.9839194e-05,0
0,6.250713e-07,0
1,0.98158413,1
1,0.9999925,1
0,0.04640523,0
0,0.0011306368,0
0,0.012734806,0
0,0.00095458666,0
0,0.0011520161,0
0,1.0415131e-05,0
1,0.99750525,1
1,0.7554367,1
1,0.94325083,1
0,0.00029003335,0
1,0.99796873,1
0,1.78726e-06,0
0,0.043221623,0
1,0.99990594,1
0,0.00012656483,0
0,1.8551802e-06,0
0,0.42317685,0
0,2.9743685e-05,0
0,9.278194e-06,0
1,0.76067346,1
0,0.112454265,0
1,0.9992824,1
1,0.98932856,1
0,0.0007931583,0
0,0.37068203,0
0,0.12588473,0
0,0.061427973,0
1,0.99998045,1
0,0.028324349,0
0,0.00030755388,0
1,0.9980033,1
0,0.00029405247,0
1,0.92739874,1
0,5.560154e-05,0
0,0.038007937,0
0,5.0154435e-05,0
1,0.9999746,1
0,0.00023482821,0
1,0.99948835,1
0,0.00033402885,0
1,0.99995303,1
0,0.000646495,0
1,0.6824558,1
1,1.0,1
1,0.72082186,1
1,0.8344127,1
1,0.84856224,1
0,0.20881699,0
0,1.6851723e-07,0
0,0.009360386,0
0,1.0814434e-05,0
0,0.0010911584,0
1,0.9998338,1
0,4.609547e-05,0
0,0.009798832,0
0,7.182797e-07,0
0,0.022011489,0
1,0.94711477,1
0,0.0013774086,0
0,0.045363236,0
0,4.599408e-06,0
0,2.2051669e-05,0
1,0.995526,1
0,0.0014541425,0
0,6.8441996e-06,0
0,0.5756861,1
1,0.9999573,1
1,0.99999666,1
0,0.22326112,0
0,0.008484256,0
1,0.9995627,1
1,0.9999969,1
1,0.9998586,1
0,1.9348274e-05,0
1,0.9997008,1
0,0.06940235,0
0,5.957362e-05,0
1,0.7287966,1
0,0.00089636864,0
0,0.0012779484,0
1,0.9891368,1
0,0.0045081573,0
0,0.00024614413,0
0,0.35392523,0
0,1.8555978e-05,0
1,0.9874565,1
0,5.7335333e-06,0
0,1.0282579e-05,0
1,0.99319625,1
0,0.0031548445,0
0,0.002015907,0
1,0.9487489,1
0,1.3504635e-06,0
0,0.00014076156,0
0,0.025553184,0
1,0.9704737,1
0,0.18590142,0
1,0.09083692,0
0,0.00014649735,0
1,0.94334835,1
0,0.00018218481,0
1,0.9991806,1
0,0.00023190057,0
0,0.0020501015,0
1,1.0,1
1,0.6767339,1
1,0.9999075,1
1,0.99631184,1
0,0.007714952,0
0,0.00046162412,0
0,0.00013576784,0
0,3.3393833e-06,0
0,0.0028200129,0
0,0.14156727,0
1,0.5393377,1
1,0.9999945,1
0,0.07557669,0
0,0.0012752479,0
0,0.00029129395,0
0,6.030757e-06,0
1,0.98435336,1
1,0.99976987,1
1,0.99988854,1
0,0.00021548191,0
0,0.05111971,0
0,1.9074925e-05,0
0,2.2236902e-06,0
0,0.000385853,0
1,0.9993544,1
1,0.9985764,1
1,0.96490145,1
0,0.013369847,0
1,0.9466125,1
0,0.00024398121,0
1,0.9986713,1
0,0.0004552311,0
0,0.16208893,0
0,0.0022159608,0
1,0.9967709,1
0,2.5566821e-06,0
0,1.8706187e-06,0
0,4.783128e-06,0
0,0.40558,0
1,0.9898037,1
0,0.003259748,0
0,0.00050008344,0
1,0.99997485,1
0,0.14367883,0
1,0.7427348,1
0,0.32242462,0
1,0.886085,1
0,4.2347424e-06,0
1,0.99989974,1
1,0.3168894,0
0,0.04008734,0
0,0.0032295408,0
0,8.65855e-06,0
0,2.0413912e-05,0
1,0.9849038,1
1,0.999997,1
0,4.817421e-05,0
0,0.092837945,0
0,0.8475506,1
1,0.9999118,1
1,0.9572555,1
0,0.0075265537,0
0,0.0012812879,0
0,5.4148008e-05,0
0,0.000294322,0
0,0.5652935,1
1,0.99999857,1
1,0.999658,1
1,0.9474845,1
1,0.9669251,1
0,1.018208e-05,0
0,0.00092767045,0
1,0.95763785,1
1,0.91231585,1
0,0.00170503,0
1,1.0,1
1,0.99994683,1
1,0.88179237,1
0,0.014813009,0
0,0.014082543,0
1,0.64039505,1
0,0.16849267,0
1,0.99905306,1
1,0.99978274,1
0,6.592204e-07,0
0,0.00033221164,0
0,0.008101256,0
0,0.00010975394,0
0,2.8665656e-06,0
1,0.55226177,1
0,0.0007057065,0
0,4.6834375e-05,0
0,0.00013402403,0
1,0.16627818,0
0,0.0012978425,0
1,0.47729197,0
1,0.9765722,1
0,4.1446194e-07,0
0,0.0016851656,0
1,0.9976955,1
0,0.021532074,0
0,0.02853236,0
1,0.9727578,1
0,6.778176e-05,0
0,8.560702e-08,0
1,0.9744299,1
0,0.009245518,0
0,0.23097785,0
0,7.4342083e-06,0
1,0.99791545,1
1,0.693793,1
1,0.6923862,1
1,0.8996243,1
1,0.9964109,1
1,0.8110056,1
0,3.169123e-05,0
0,1.5962897e-06,0
1,0.99929655,1
1,1.0,1
1,0.9030014,1
0,0.00011118752,0
0,0.00063120195,0
1,0.55621636,1
1,0.38288745,0
1,0.781457,1
1,0.97904164,1
0,5.825645e-06,0
0,0.011641978,0
0,0.0014375725,0
1,0.99806386,1
1,0.99996877,1
0,0.00091721426,0
0,0.0011234478,0
0,0.044909038,0
1,0.3342904,0
1,0.94443727,1
0,0.07513597,0
0,8.320212e-05,0
0,0.00053686224,0
0,1.9427758e-05,0
0,2.940125e-07,0
0,1.0,1
1,0.87524945,1
1,0.9900012,1
0,0.08022957,0
0,0.56014097,1
1,0.9997849,1
1,0.9190109,1
0,0.00011652189,0
1,0.90595317,1
1,0.47352335,0
0,0.00050141104,0
0,1.4650988e-05,0
0,6.756776e-05,0
0,0.015509123,0
1,0.9999765,1
1,0.99887854,1
1,0.99684,1
1,0.75047714,1
0,3.087007e-05,0
0,0.00013091453,0
0,0.062500894,0
0,0.0001082677,0
0,1.937499e-05,0
1,0.9236303,1
0,0.005263428,0
0,0.0005091507,0
1,0.98808086,1
1,0.99940753,1
0,3.1654663e-06,0
0,1.6219473e-06,0
0,0.06832353,0
1,0.55799145,1
1,0.8684526,1
1,0.43505758,0
1,1.0,1
0,0.06612468,0
0,6.580362e-05,0
0,0.0054939855,0
1,0.9696535,1
1,0.9958443,1
1,0.99999976,1
0,0.2854112,0
1,0.8916079,1
1,0.9688993,1
1,0.8638378,1
0,6.7390865e-05,0
1,1.0,1
0,0.001396957,0
1,0.849014,1
1,0.7864083,1
0,0.0006311349,0
1,0.99943846,1
1,0.9621614,1
0,0.07608091,0
0,3.2114483e-05,0
1,0.52590346,1
1,0.9998449,1
0,0.07990274,0
1,0.947118,1
0,0.00025959374,0
0,0.093722016,0
0,0.004361763,0
0,0.5195441,1
1,0.90590805,1
0,7.2312705e-06,0
0,1.747739e-06,0
1,0.6151711,1
0,4.768463e-06,0
0,0.0024634546,0
0,0.19486709,0
0,0.07338753,0
0,0.0009789888,0
0,0.018372975,0
0,0.00779425,0
0,3.9609535e-05,0
0,0.0002786368,0
0,0.05041416,0
1,0.9961945,1
1,0.89323103,1
1,0.9673766,1
0,6.1503247e-06,0
0,0.0010298225,0
1,0.2621949,0
1,0.9999943,1
1,0.99673647,1
0,0.44856927,0
1,0.9974948,1
0,0.006720468,0
0,0.0018196114,0
1,0.786765,1
0,1.2044688e-05,0
1,0.44990826,0
1,0.9999951,1
0,1.204501e-05,0
0,5.831234e-05,0
0,0.0016446186,0
0,0.00040537762,0
0,0.00011181749,0
1,0.9997844,1
0,2.0441989e-07,0
0,8.049741e-05,0
1,0.9997545,1
0,0.003901192,0
0,0.6735641,1
1,0.8269696,1
0,0.06149299,0
1,0.87811905,1
0,0.0019856545,0
1,0.8496722,1
0,0.06665861,0
0,3.749183e-05,0
1,0.99960655,1
0,0.010596829,0
0,5.1756644e-05,0
1,0.37228462,0
1,0.9955446,1
1,0.9230777,1
0,0.00014196312,0
0,4.6432012e-07,0
0,0.0017280409,0
0,0.004440468,0
1,0.9963862,1
1,0.99998546,1
0,0.42748123,0
0,0.00015392686,0
0,0.14887749,0
0,4.7698495e-07,0
0,0.061862286,0
1,0.9853314,1
0,1.4367808e-05,0
0,2.5901274e-05,0
1,0.96829873,1
1,0.2711286,0
1,0.92924917,1
0,0.00088896847,0
0,0.040450785,0
0,0.00018628348,0
1,0.99923694,1
0,0.021894293,0
0,4.966246e-05,0
1,1.0,1
1,0.99984837,1
0,1.3114933e-05,0
0,0.46291164,0
0,0.14525685,0
1,0.8398603,1
0,0.00027221718,0
1,0.979835,1
1,0.490763,0
0,1.9387984e-05,0
1,0.9623243,1
1,0.9999615,1
0,0.00031054538,0
0,0.005507717,0
1,0.9379364,1
0,0.061964065,0
1,0.4372613,0
1,0.97019,1
0,0.015315356,0
1,0.5811783,1
0,0.0009049256,0
1,0.9302712,1
0,0.00016315607,0
0,0.0060240733,0
0,3.1411288e-05,0
1,0.9813215,1
0,0.00015914816,0
0,0.4465231,0
1,0.9999974,1
0,0.0007407869,0
0,0.0069749267,0
1,0.57239693,1
0,0.06731505,0
1,0.9968424,1
1,0.9880235,1
0,1.3117785e-05,0
0,0.00022642294,0
1,0.7231502,1
1,0.9999975,1
0,3.5008362e-08,0
0,1.1825228e-05,0
0,0.024911478,0
1,0.998845,1
0,0.00012501917,0
0,0.0016850141,0
0,0.030587494,0
0,0.007374372,0
1,0.9432809,1
0,0.0010934278,0
1,0.989419,1
1,0.71547574,1
1,0.99578285,1
0,4.2832387e-05,0
0,2.5982074e-06,0
0,3.5837642e-05,0
0,0.01934429,0
1,0.95558405,1
1,0.9221973,1
1,0.9957877,1
0,0.0001636141,0
1,0.9996288,1
0,0.00019139171,0
0,0.0027524228,0
1,0.45610172,0
0,0.00043622314,0
0,1.3126706e-06,0
1,0.81929344,1
0,1.3260139e-05,0
0,1.8933435e-05,0
1,0.97407657,1
0,0.1172309,0
0,0.008720399,0
1,0.7574049,1
0,0.8532757,1
0,0.005160304,0
0,5.3675234e-05,0
1,0.9997919,1
0,0.00049282645,0
0,0.0017973876,0
0,1.2126537e-07,0
0,0.32900333,0
1,0.9999379,1
0,3.3604098e-05,0
0,1.4298629e-05,0
1,0.64940125,1
1,0.9589609,1
0,1.3467335e-05,0
0,0.0015354714,0
1,0.99606496,1
1,0.98665965,1
0,0.13117582,0
1,0.4320186,0
0,0.0013096394,0
0,6.8135455e-06,0
0,0.01077508,0
0,9.2765746e-05,0
0,0.41109633,0
1,0.99999976,1
1,0.99992514,1
0,6.581799e-05,0
0,9.78668e-07,0
1,0.9588194,1
1,0.51471585,1
1,0.9929652,1
0,0.009617489,0
0,0.00015845934,0
0,0.081782125,0
1,0.99916506,1
0,0.12929164,0
1,0.329528,0
1,0.9999999,1
0,0.0004955641,0
0,0.049166977,0
0,0.0036092626,0
1,0.99659735,1
0,0.004707427,0
1,0.10468854,0
0,0.0022519545,0
0,4.1924295e-06,0
0,4.8502015e-06,0
0,0.66750956,1
0,0.00019870492,0
0,0.0067207003,0
0,0.05854745,0
0,1.4010891e-07,0
1,0.7592164,1
0,0.00040437395,0
1,0.99770015,1
0,0.0024804403,0
1,0.7216563,1
0,0.00027957535,0
0,6.4716537e-06,0
1,0.9742552,1
0,6.839045e-05,0
0,0.14050621,0
1,0.9987293,1
1,0.999974,1
1,0.999851,1
0,0.0354539,0
1,0.98494554,1
0,9.148946e-05,0
1,0.8655352,1
1,0.9533647,1
0,1.2173534e-07,0
0,1.4375498e-06,0
0,0.00117739,0
1,0.9832092,1
1,0.99990034,1
1,0.9459201,1
0,3.3935317e-05,0
1,0.2403127,0
0,0.0025004297,0
1,0.7778244,1
0,0.0001641274,0
1,0.99999976,1
0,0.14433634,0
0,0.0036244004,0
0,0.01388019,0
1,0.76885283,1
0,0.0021091208,0
1,0.90043074,1
0,0.0026565772,0
0,0.23017178,0
1,0.9938309,1
0,0.00019497928,0
0,3.955483e-06,0
0,0.00011577938,0
0,2.6167927e-06,0
0,1.0228241e-06,0
1,0.9999994,1
0,0.00012229115,0
0,4.578201e-06,0
1,0.973928,1
1,0.9986135,1
0,9.095677e-06,0
1,1.0,1
1,0.99993885,1
0,0.0008582257,0
0,7.287088e-05,0
0,0.06795291,0
0,2.266673e-06,0
0,0.22322103,0
0,3.6620365e-06,0
1,0.99428296,1
0,0.0026824984,0
0,0.00071564765,0
0,0.0005551425,0
0,0.13439369,0
0,5.4323496e-05,0
1,0.9544579,1
1,0.9999918,1
0,0.16095968,0
0,0.13064876,0
0,0.0003702249,0
0,0.0038528885,0
0,0.009870592,0
0,3.6758329e-06,0
0,2.4158486e-05,0
0,1.4363974e-06,0
0,0.0463939,0
0,0.0010149553,0
0,0.023779841,0
0,0.0003323735,0
1,0.99842393,1
1,0.90623015,1
1,0.967415,1
1,0.9794391,1
0,2.018389e-06,0
0,0.032358274,0
0,0.14184745,0
1,0.1702127,0
0,0.08968161,0
0,0.00079663965,0
1,0.8081376,1
1,0.9999361,1
0,0.00016908962,0
1,0.99225736,1
1,0.99998987,1
0,0.1705663,0
0,0.06768777,0
0,0.00034861857,0
0,0.6668102,1
1,0.9911096,1
0,0.00699546,0
1,0.74942124,1
0,0.005938465,0
0,9.596569e-05,0
0,3.6155656e-05,0
0,0.032636277,0
0,8.905044e-05,0
1,0.9874802,1
1,0.7105667,1
1,0.956327,1
1,0.92024034,1
1,0.9187835,1
0,7.9739446e-05,0
0,1.8046656e-05,0
0,0.0010191683,0
0,2.7355098e-05,0
1,0.7334449,1
1,0.2114122,0
0,9.1129856e-05,0
1,0.7213873,1
1,0.9629703,1
0,0.00029889625,0
0,6.7933865e-06,0
1,1.0,1
0,2.5139756e-05,0
0,0.0005172848,0
0,0.00015176884,0
0,0.003975386,0
0,0.032820787,0
0,7.082334e-05,0
0,2.5403738e-06,0
0,0.27462044,0
0,6.6999346e-05,0
1,0.9958275,1
1,0.71419495,1
0,4.6056837e-07,0
0,0.07729498,0
0,0.00064684165,0
0,0.04987406,0
1,0.99899024,1
0,0.46418723,0
0,0.005858791,0
1,0.20486638,0
0,1.20516515e-05,0
0,0.00056342746,0
1,0.57127553,1
1,0.29218882,0
1,0.9999584,1
1,0.9999912,1
0,0.00012873775,0
0,0.00039954646,0
0,0.040958345,0
1,0.844992,1
1,0.9944232,1
0,0.5103256,1
0,0.000945274,0
0,0.19225764,0
1,0.96083474,1
1,0.9938892,1
1,0.98618233,1
1,0.49162218,0
0,0.07087198,0
1,0.994044,1
0,0.002978395,0
0,0.034369893,0
1,0.99347645,1
0,0.025074769,0
0,0.017590458,0
0,0.038363416,0
0,9.429e-05,0
0,0.008897073,0
0,3.67076e-07,0
0,4.5642855e-06,0
1,0.9925921,1
0,0.0053927638,0
0,0.004789302,0
0,6.483046e-05,0
0,3.3766398e-06,0
0,0.09686316,0
1,0.9874162,1
1,0.89177924,1
0,0.00012529724,0
0,2.2880874e-06,0
1,0.9999995,1
0,0.16036974,0
1,0.9992267,1
1,0.999466,1
1,0.99941003,1
0,4.8723738e-05,0
0,0.009706143,0
1,0.78492326,1
0,5.4087937e-05,0
0,0.29155824,0
0,7.0702416e-05,0
1,0.98628277,1
0,2.1831898e-05,0
1,0.9947535,1
1,0.96480834,1
1,0.9999995,1
0,0.0146318115,0
0,0.0009038253,0
0,0.001607792,0
0,4.385603e-05,0
1,0.743745,1
1,0.9540772,1
1,0.84873587,1
0,0.00014551167,0
1,0.99785846,1
0,6.7586334e-06,0
1,0.9999771,1
0,5.682679e-05,0
1,0.89211166,1
0,0.06704513,0
0,0.0008700486,0
1,0.9997125,1
0,1.8768385e-05,0
1,0.9076165,1
0,0.043680247,0
0,0.000101589336,0
1,0.99958426,1
1,0.99925536,1
1,0.9999987,1
0,5.0424198e-05,0
1,0.99851173,1
0,0.008312909,0
0,3.9417982e-06,0
0,0.00011226922,0
0,6.7966095e-05,0
1,0.9999713,1
0,3.1421807e-06,0
0,0.00073333696,0
0,0.29330724,0
1,0.9936259,1
1,0.98755604,1
1,0.9999162,1
1,0.6335417,1
0,0.0010719423,0
0,0.053210698,0
1,0.8622916,1
1,0.9996269,1
1,0.29488584,0
1,0.9991652,1
0,7.5801686e-06,0
0,0.2103686,0
0,0.029694268,0
1,0.9996444,1
0,0.058766957,0
1,0.99982244,1
0,2.2976405e-05,0
1,0.98431545,1
0,0.00033998422,0
0,1.2148779e-05,0
0,0.020334557,0
0,0.0002881965,0
0,0.07270487,0
0,0.046295416,0
0,0.09872162,0
0,0.00082543766,0
1,0.99990237,1
1,0.9968142,1
1,0.98102313,1
1,0.72761756,1
1,0.99998593,1
1,0.9985928,1
1,0.89344406,1
0,4.248593e-06,0
0,0.40883264,0
0,0.4692226,0
0,8.4680534e-05,0
1,0.98348516,1
0,0.0014365981,0
1,1.0,1
0,0.0040582563,0
0,0.11721745,0
0,3.1737668e-06,0
1,0.9999908,1
0,0.0030170144,0
0,0.0008270651,0
1,0.99489224,1
0,2.5236543e-06,0
1,0.9975599,1
0,4.0580285e-06,0
0,0.001374336,0
1,0.9644842,1
0,2.2729388e-07,0
1,0.8265435,1
1,0.5039132,1
1,0.99999964,1
0,0.008787603,0
0,1.4307701e-06,0
1,0.99969697,1
0,9.602136e-06,0
0,1.3395887e-06,0
0,0.07201148,0
1,0.9667358,1
0,0.43703228,0
0,3.2310654e-05,0
0,0.0006135608,0
1,0.6301168,1
0,0.01066942,0
0,0.0004982264,0
0,5.646936e-07,0
1,0.9901158,1
0,0.093387246,0
0,0.00010070526,0
1,0.99333066,1
0,0.029012034,0
1,0.9978726,1
0,0.0001509249,0
0,0.0005004179,0
1,0.99959844,1
0,3.5626542e-07,0
0,0.00052805594,0
1,0.99930215,1
0,0.0075494954,0
1,0.99601305,1
0,0.004883758,0
0,6.201844e-05,0
0,0.0035757397,0
0,0.43588936,0
1,0.99973696,1
1,0.99796355,1
0,0.02193625,0
1,0.98263633,1
1,0.8146119,1
0,2.7002911e-06,0
1,0.99488467,1
1,0.98800987,1
0,0.005434629,0
0,0.0068832985,0
0,0.117723204,0
1,0.2174774,0
1,0.8365625,1
0,0.037043188,0
1,0.99989057,1
1,0.9433119,1
0,0.0006915695,0
0,1.8368697e-05,0
0,0.0023636322,0
0,0.0016271827,0
0,0.51123154,1
0,0.17849931,0
0,1.932903e-06,0
1,0.99990654,1
1,0.924423,1
1,0.9215386,1
1,0.97165483,1
0,0.00048074705,0
1,0.99958175,1
1,0.82315445,1
1,0.999561,1
0,0.0063801357,0
0,0.50305426,1
1,0.9506749,1
0,0.00077734306,0
0,7.8792866e-05,0
1,0.9997358,1
1,0.7150004,1
0,0.000257128,0
1,0.99831045,1
0,1.4187372e-05,0
1,0.99999,1
1,0.96204895,1
0,4.2582778e-07,0
0,0.027986798,0
0,1.8282534e-06,0
1,0.99839777,1
0,7.25871e-07,0
0,0.00049081596,0
0,0.00756448,0
0,3.953949e-05,0
1,1.0,1
1,0.5956222,1
0,1.1211081e-06,0
1,0.99999976,1
0,0.0003658454,0
0,4.7453627e-06,0
0,3.2109398e-05,0
1,0.99678636,1
0,2.9981022e-05,0
0,0.000160095,0
1,0.9999889,1
0,0.0024921456,0
1,0.98924875,1
1,0.9999989,1
1,0.99969625,1
0,1.50273845e-05,0
0,0.00024769863,0
1,0.99431616,1
0,2.5143336e-06,0
1,0.998522,1
0,0.00015863622,0
1,0.99942976,1
1,0.99974376,1
0,0.00026079096,0
1,0.9999434,1
0,0.00041436448,0
0,2.9585464e-05,0
0,0.0032128126,0
0,8.152034e-05,0
0,0.12920766,0
1,0.99877745,1
1,0.8647874,1
1,0.88969475,1
0,0.011002746,0
0,0.18188079,0
0,0.0029055397,0
0,0.00011118402,0
0,0.0014425877,0
1,0.99994946,1
0,0.00013527664,0
0,0.05220393,0
0,0.00028245305,0
0,9.039357e-07,0
0,0.004154245,0
1,0.8503575,1
0,0.0010809695,0
1,0.20301941,0
1,0.9960006,1
0,0.02285167,0
1,0.9695285,1
0,4.2679734e-05,0
1,0.9997135,1
1,0.9996662,1
1,0.9918942,1
0,0.08215318,0
1,0.99999523,1
1,0.90211076,1
0,0.0004426305,0
1,0.37824258,0
0,0.015322361,0
0,5.7131147e-06,0
0,0.023645883,0
1,0.31686994,0
0,0.014218976,0
0,1.6974314e-05,0
0,6.324391e-05,0
0,1.4676356e-05,0
0,0.004184278,0
1,0.47038633,0
0,1.105031e-05,0
0,0.0021868455,0
0,0.20595872,0
1,0.9955674,1
1,0.9925518,1
0,4.321432e-05,0
0,6.918633e-05,0
1,0.9937383,1
1,1.0,1
0,0.012193191,0
0,0.009872348,0
0,1.6530272e-05,0
0,0.17016552,0
1,0.9995115,1
0,0.00014317056,0
0,0.0004840786,0
1,0.9999877,1
0,7.3552843e-07,0
1,0.96698594,1
0,0.19648576,0
0,0.05280331,0
0,0.009727236,0
0,5.761582e-05,0
1,0.9931283,1
0,0.0865928,0
0,2.5234348e-07,0
0,0.00012533608,0
0,0.00011377132,0
0,8.8778023e-07,0
1,0.99998355,1
0,9.1596837e-07,0
0,0.0020991496,0
1,0.45945856,0
1,0.9981364,1
0,1.3481484e-05,0
1,0.9997876,1
1,0.26375815,0
0,1.1911335e-06,0
0,0.00077452924,0
0,0.00011564565,0
0,8.004869e-05,0
1,0.9501473,1
0,0.17808859,0
0,2.4607532e-05,0
1,0.23391512,0
0,0.37419048,0
1,0.64305127,1
0,0.026222637,0
0,1.4988784e-05,0
1,0.9997396,1
0,2.3184502e-06,0
0,2.4804995e-06,0
1,0.99092406,1
0,0.0003429539,0
0,0.10991637,0
0,0.31675237,0
1,0.999925,1
0,1.0831858e-05,0
0,2.7782862e-06,0
0,0.01773841,0
1,0.9754857,1
1,0.99023134,1
1,0.40236112,0
1,0.99564254,1
0,9.66615e-05,0
1,0.9596151,1
1,0.8641448,1
0,0.28573224,0
0,0.0005334701,0
0,2.2778524e-05,0
0,0.0009031826,0
0,0.008237664,0
0,0.027919697,0
0,0.028689798,0
0,0.0003829556,0
0,0.3229239,0
1,0.9999995,1
0,0.0009725041,0
0,2.8330993e-07,0
0,0.0024832545,0
0,7.272448e-06,0
1,0.9955716,1
0,2.5574107e-07,0
0,0.019800544,0
1,0.99941444,1
0,9.927165e-05,0
0,0.12517059,0
1,0.95912355,1
1,0.98922104,1
1,0.99489576,1
0,0.44634756,0
1,0.99999976,1
0,0.005319472,0
0,0.00027529566,0
0,0.0014621357,0
0,0.016244875,0
0,0.1500472,0
0,1.9593579e-05,0
0,3.0481438e-05,0
0,0.015609,0
0,7.4518684e-06,0
0,0.052987132,0
1,0.9134527,1
1,0.40020427,0
0,1.0684714e-07,0
1,0.99659145,1
1,0.9999839,1
1,0.9989517,1
0,2.9528478e-06,0
1,0.90235984,1
0,0.0015453825,0
1,0.866551,1
0,5.159584e-05,0
0,6.8588866e-05,0
0,0.0077765253,0
1,0.98818386,1
1,0.9988048,1
1,0.9921524,1
0,0.00026498994,0
1,0.99918276,1
1,0.9993284,1
1,0.99877423,1
0,0.00064076664,0
0,0.0025542232,0
1,0.9999974,1
0,9.2667983e-07,0
1,0.77346796,1
1,0.9996543,1
0,4.161125e-06,0
0,0.08326444,0
0,0.13631402,0
0,0.0033808146,0
0,1.2868571e-05,0
0,3.1772877e-05,0
1,0.4482091,0
0,0.80158335,1
0,0.0057553225,0
1,0.40685657,0
0,0.0012293631,0
0,0.00047402782,0
0,0.00058349816,0
0,0.00019392023,0
0,0.004074731,0
1,0.9690671,1
1,0.9996972,1
0,0.048926782,0
1,0.99972636,1
1,0.8297294,1
0,0.2096956,0
0,1.2955446e-07,0
0,0.062839985,0
0,0.00022237204,0
0,0.01263739,0
0,0.022958847,0
1,0.9995301,1
1,0.99999607,1
0,1.3141758e-07,0
0,0.73306495,1
1,0.99999905,1
1,0.93785024,1
1,0.95414096,1
0,0.00011465326,0
1,0.9710844,1
1,0.9998037,1
0,0.0024214783,0
0,0.0038962157,0
0,0.0019615132,0
1,0.61216325,1
0,0.00279584,0
1,0.99999917,1
0,0.052199565,0
0,0.05138331,0
0,0.2854062,0
1,0.99999964,1
0,0.0143469535,0
0,0.00018095181,0
0,0.3623823,0
0,0.35798603,0
0,0.00011217355,0
1,0.414425,0
1,0.47486973,0
1,0.9983333,1
0,0.00023370559,0
0,0.02381316,0
0,0.003152178,0
1,0.8902196,1
0,6.181532e-05,0
0,0.00022986083,0
0,0.00012613194,0
1,0.40437445,0
0,2.5780033e-05,0
1,0.9998915,1
1,0.9999418,1
0,5.4828233e-06,0
0,0.5334251,1
0,0.0010573816,0
0,6.4389074e-05,0
1,0.8719462,1
0,0.0049335146,0
1,0.28573662,0
0,0.011264204,0
0,8.528833e-06,0
1,0.99999976,1
0,0.00023903759,0
1,0.5437125,1
1,1.0,1
1,0.27752194,0
0,0.046484653,0
0,0.003281721,0
0,3.5310084e-06,0
0,7.576736e-05,0
1,1.0,1
1,0.99284744,1
0,0.003726195,0
0,7.402829e-05,0
1,0.9914752,1
0,0.00023574058,0
0,6.9177164e-05,0
0,0.13778633,0
0,6.4269574e-05,0
0,0.0023892736,0
0,0.10041933,0
0,0.00013743129,0
0,0.009301525,0
0,0.020269003,0
0,0.005136406,0
0,0.044509746,0
0,0.050164398,0
0,0.039018784,0
0,0.0060230624,0
1,0.40915,0
0,3.600644e-06,0
0,0.001364006,0
0,6.167895e-05,0
0,4.526383e-06,0
1,0.99994206,1
1,0.9993812,1
0,0.008506946,0
1,0.99994767,1
1,0.7665643,1
0,7.254507e-05,0
0,0.51355475,1
1,0.885059,1
1,0.93021685,1
0,2.602778e-06,0
0,3.1552154e-05,0
1,0.9918406,1
1,0.9931699,1
0,0.04228099,0
1,0.90815854,1
1,0.9999932,1
1,0.5164908,1
0,0.0009350579,0
0,3.4048902e-05,0
0,0.00027783806,0
1,0.8221369,1
1,0.99999046,1
0,0.14749146,0
0,0.013809943,0
0,0.00015474611,0
0,4.479003e-05,0
0,0.49390844,0
0,0.0035697236,0
0,1.3017614e-05,0
0,0.006679664,0
0,0.06402799,0
0,9.632482e-05,0
0,2.2982275e-07,0
0,0.0083075715,0
1,0.9836911,1
0,1.6095801e-06,0
0,0.00017861449,0
0,0.002188465,0
0,3.8275869e-07,0
0,0.0013851481,0
0,0.0019004842,0
0,2.561583e-06,0
0,0.08350181,0
1,0.9243038,1
0,8.594856e-06,0
1,0.9989478,1
1,0.7687507,1
0,0.008792065,0
0,0.0042817667,0
0,0.0017681733,0
0,5.5010005e-05,0
0,4.8661577e-06,0
0,0.08005399,0
0,7.2839546e-05,0
0,0.000673878,0
1,0.9996228,1
0,0.0005941302,0
0,0.32983148,0
0,0.00821047,0
0,0.00159959,0
1,0.99048877,1
0,5.6602174e-05,0
0,0.0033110736,0
0,1.2749677e-05,0
0,2.3100074e-07,0
0,2.0964899e-06,0
0,5.5455484e-06,0
0,5.590763e-07,0
1,0.77699345,1
1,0.6715226,1
0,0.0018199207,0
0,0.08989247,0
1,0.99499834,1
0,0.00042256067,0
0,0.0010700282,0
0,0.00046767612,0
1,0.9442401,1
0,0.0023058995,0
0,0.071999915,0
0,0.007831902,0
0,0.14258608,0
1,0.9999995,1
0,3.3347813e-05,0
1,0.9999925,1
1,0.9996207,1
1,0.99947006,1
0,9.9437835e-05,0
0,0.1259306,0
0,0.0026215832,0
0,0.0040306896,0
0,7.8450483e-07,0
0,2.798347e-05,0
0,0.7031265,1
1,0.99984276,1
0,0.5971665,1
0,9.762317e-06,0
1,0.94267964,1
1,0.9988086,1
0,3.516415e-05,0
1,0.72632754,1
1,0.77022326,1
0,0.0004236476,0
0,0.0021657466,0
1,0.9789505,1
1,0.98956317,1
0,0.00776249,0
0,3.6803747e-05,0
1,0.12508577,0
0,0.00015102855,0
0,0.39784417,0
0,0.0030239397,0
0,0.004678067,0
0,4.21826e-05,0
0,0.008140614,0
1,0.9985234,1
0,0.00043879327,0
0,0.017038113,0
0,4.3510438e-05,0
1,0.92636764,1
0,0.002090729,0
0,0.018835112,0
0,1.4876688e-06,0
0,7.682491e-08,0
0,0.00011717483,0
0,0.026137065,0
0,0.52352273,1
0,0.005523976,0
0,1.0730896e-06,0
0,0.0006307876,0
0,2.2249556e-05,0
0,6.182952e-06,0
1,0.81050307,1
1,0.9398274,1
0,2.563623e-07,0
0,0.6828765,1
0,5.732281e-07,0
1,0.9991597,1
0,1.4361013e-05,0
0,0.00010115184,0
1,0.9994011,1
0,5.2122825e-05,0
1,0.9565447,1
1,0.99111813,1
1,0.82810926,1
1,0.97418094,1
0,4.317153e-06,0
1,0.99189925,1
0,1.5377686e-06,0
1,0.38604134,0
0,0.0029617725,0
1,0.9999157,1
0,9.624744e-06,0
1,0.73604256,1
0,0.15884726,0
1,0.99751806,1
0,1.3582104e-06,0
0,0.044268683,0
1,0.999992,1
1,0.9999994,1
0,4.5058806e-07,0
1,0.99995375,1
1,0.99998474,1
0,1.577367e-05,0
1,0.9999999,1
0,0.034297895,0
0,3.0384012e-05,0
0,0.030914761,0
1,0.99208975,1
0,2.6434174e-07,0
1,0.69225025,1
0,0.33736897,0
1,0.42358613,0
0,1.9162578e-06,0
1,0.9577116,1
0,1.4927653e-06,0
1,0.15644987,0
0,0.302101,0
0,9.5068346e-05,0
0,0.0015369181,0
1,0.94631934,1
1,0.99286,1
0,3.938955e-05,0
0,0.025573922,0
1,0.7739275,1
1,0.60347503,1
1,0.9999913,1
0,1.2806288e-06,0
1,0.96051735,1
1,0.75260687,1
1,0.9997749,1
1,0.97928613,1
1,0.9910778,1
0,0.058733653,0
0,0.000114575116,0
0,7.976923e-06,0
0,0.00032590842,0
1,0.9510336,1
0,0.00010991294,0
0,2.7290816e-05,0
0,2.4574372e-05,0
1,0.42792016,0
0,0.27809605,0
1,1.0,1
0,0.00036111724,0
0,0.019334143,0
1,1.0,1
0,0.0059003136,0
1,0.14982949,0
0,2.578967e-05,0
0,0.039413482,0
1,0.9206031,1
0,0.00020864066,0
0,0.0015873385,0
0,0.0030677803,0
0,0.44017625,0
0,0.002237984,0
0,0.012073625,0
1,0.97736084,1
0,1.7378032e-06,0
0,0.00021725486,0
1,0.9962249,1
0,1.2058375e-06,0
1,0.99890065,1
0,1.6734908e-06,0
1,0.86094165,1
0,2.3754208e-06,0
1,0.98800683,1
0,1.647926e-06,0
0,4.4509943e-05,0
0,1.6981472e-05,0
0,0.3541186,0
0,2.3426874e-06,0
0,0.0010875906,0
0,0.6166573,1
0,0.0036846236,0
1,0.1854221,0
1,0.98238695,1
0,1.427657e-05,0
1,0.9998456,1
0,5.078831e-05,0
0,0.0006618466,0
0,6.89606e-05,0
0,0.0032963194,0
0,4.963246e-06,0
0,0.0025125567,0
0,1.828752e-06,0
0,1.4565742e-05,0
0,0.06632097,0
1,1.0,1
0,0.0008749677,0
1,0.07447935,0
0,0.0016776794,0
1,0.733601,1
1,0.9999963,1
0,1.3122246e-07,0
0,0.21149328,0
1,0.99992645,1
1,0.9999714,1
0,0.6667735,1
1,0.99986124,1
0,0.0013126839,0
0,0.0004997749,0
1,0.97068924,1
1,0.9476978,1
0,0.6198494,1
0,0.00019182434,0
1,0.8928151,1
1,0.16519693,0
1,0.99882346,1
0,0.00032633715,0
0,0.003048093,0
0,0.0003747556,0
0,0.005156183,0
1,0.99896765,1
0,0.0012580844,0
0,0.24172737,0
0,0.00020902972,0
1,0.99755245,1
1,0.33650383,0
0,0.55693394,1
0,8.891903e-06,0
0,4.95011e-07,0
0,5.572145e-05,0
0,6.82906e-06,0
0,2.0805895e-05,0
0,0.0010749779,0
0,1.6286959e-06,0
0,0.00021678844,0
0,0.033590652,0
0,0.00067985005,0
0,1.6342896e-07,0
0,0.0003407773,0
1,0.9999813,1
1,0.999619,1
0,0.009764322,0
0,6.171241e-06,0
0,0.00010876221,0
0,0.11138814,0
0,7.286707e-06,0
0,0.4150265,0
1,0.99848723,1
1,0.6111598,1
0,5.1015926e-05,0
1,0.75416946,1
0,1.3917125e-07,0
0,1.3403273e-06,0
1,0.99611855,1
0,0.00037040282,0
0,1.2774622e-06,0
0,0.00031144405,0
0,4.978914e-06,0
0,0.00024723666,0
1,0.99812335,1
1,0.5324941,1
0,2.5565758e-05,0
0,0.00015546074,0
0,0.00013801541,0
0,0.018419567,0
0,0.018562194,0
1,0.9761688,1
0,0.00023370338,0
0,0.0011831818,0
0,0.00037627938,0
1,0.1519273,0
0,0.13417478,0
0,9.41673e-06,0
0,0.059818886,0
1,0.99951124,1
1,0.9999691,1
0,0.04919195,0
1,1.0,1
0,0.0014371538,0
1,0.99562055,1
0,0.08242022,0
0,0.00034621038,0
0,0.003234675,0
0,1.3837999e-06,0
1,0.9951755,1
1,0.99877065,1
1,0.9995216,1
0,0.41841456,0
1,0.82251257,1
1,0.96058124,1
1,0.8237417,1
0,0.0015623205,0
1,0.25441557,0
1,0.9991698,1
0,0.0001243031,0
0,0.0005290154,0
0,0.00017191036,0
1,0.99964416,1
0,4.8594786e-05,0
0,2.8926193e-05,0
0,1.1071258e-05,0
1,0.9997657,1
0,4.5204456e-07,0
1,0.98856956,1
0,1.0786322e-06,0
1,0.99722445,1
1,0.9864138,1
0,0.046892546,0
1,0.91614443,1
0,2.4258772e-05,0
1,0.99740916,1
0,8.145232e-08,0
1,0.29574594,0
1,0.9998271,1
1,0.9999597,1
1,0.9774685,1
0,7.7446624e-05,0
0,7.0955095e-05,0
0,0.028532982,0
1,0.9999865,1
0,5.8295687e-08,0
0,0.070207044,0
0,0.00037203287,0
1,0.97628367,1
0,0.00033835694,0
1,0.9850337,1
0,0.09761774,0
0,6.4379387e-06,0
1,0.9999443,1
0,0.00052677677,0
0,0.010470712,0
1,0.969271,1
0,0.00042126898,0
0,0.010218146,0
0,0.010901526,0
1,0.45597616,0
0,4.3511623e-06,0
0,7.778797e-06,0
0,0.0672076,0
0,0.014697466,0
0,0.0007056436,0
0,0.00013680552,0
1,0.86406255,1
0,0.00028282142,0
0,0.00041920968,0
1,0.99999547,1
0,4.1624703e-06,0
0,3.1595962e-05,0
1,0.9962935,1
0,0.10278923,0
0,2.1721393e-05,0
0,0.2558799,0
1,0.9999759,1
0,0.07169869,0
0,0.00016383281,0
1,0.9965964,1
1,0.41286793,0
1,0.99995935,1
0,0.010198951,0
0,0.0002122655,0
0,2.8435197e-05,0
1,0.8824555,1
0,5.8563933e-06,0
0,2.8823556e-06,0
1,0.9935509,1
0,0.05345559,0
0,0.022288512,0
0,0.0017343549,0
1,0.9507481,1
0,0.0027247765,0
0,0.00029010416,0
1,0.9859001,1
0,2.2509605e-06,0
1,0.19061644,0
1,0.99999917,1
1,0.79413587,1
1,0.99959296,1
0,0.0007244553,0
0,9.125316e-05,0
0,0.31229734,0
1,0.9998722,1
1,0.97551167,1
0,0.038170118,0
0,1.9069159e-05,0
1,0.9914152,1
1,0.99997973,1
0,2.2240783e-06,0
0,1.4980681e-05,0
1,0.9630642,1
1,0.86450326,1
1,0.5532738,1
